,Date,Type,Chain,Market,APY %,Weight %
0,2026-01-01,Pendle LP,ethereum,PT-reUSDe-25JUN2026,18.95,14.29
1,2026-01-01,Pendle LP,ethereum,PT-sNUSD-5MAR2026,15.59,14.29
2,2026-01-01,Pendle LP,ethereum,PT-srUSDe-2APR2026,9.08,14.29
3,2026-01-01,Pendle PT,ethereum,PT-reUSDe-25JUN2026,14.86,14.29
4,2026-01-01,Pendle PT,ethereum,PT-sNUSD-5MAR2026,13.57,14.29
5,2026-01-01,Pendle PT,ethereum,PT-srUSDe-2APR2026,7.08,14.29
6,2026-01-01,Uniswap MM,arbitrum,WBTC/USDC,7.72,14.29
7,2026-01-02,Pendle LP,ethereum,PT-reUSDe-25JUN2026,19.46,6.67
8,2026-01-02,Pendle LP,ethereum,PT-sNUSD-5MAR2026,15.86,6.67
9,2026-01-02,Pendle PT,ethereum,PT-reUSDe-25JUN2026,14.86,6.67
10,2026-01-02,Pendle PT,ethereum,PT-sNUSD-5MAR2026,13.57,6.67
11,2026-01-02,Pendle PT,ethereum,PT-srUSDe-2APR2026,7.08,6.67
12,2026-01-02,Uniswap MM,arbitrum,ETH/USDC,39.38,6.67
13,2026-01-02,Uniswap MM,mainnet,ETH/USDC,14.62,6.67
14,2026-01-02,Uniswap MM,unichain,ETH/USDC,6.63,6.67
15,2026-01-02,Uniswap MM,arbitrum,ETH/USDT,14.27,6.67
16,2026-01-02,Uniswap MM,mainnet,ETH/USDT,8.6,6.67
17,2026-01-02,Uniswap MM,arbitrum,WBTC/USDC,43.53,6.67
18,2026-01-02,Uniswap MM,mainnet,WBTC/USDC,9.2,6.67
19,2026-01-02,Uniswap MM,unichain,WBTC/USDC,13.66,6.67
20,2026-01-02,Uniswap MM,mainnet,WBTC/USDT,15.94,6.67
21,2026-01-02,Uniswap MM,unichain,WBTC/USDT,6.52,6.67
22,2026-01-03,Pendle LP,ethereum,PT-reUSDe-25JUN2026,19.46,14.29
23,2026-01-03,Pendle LP,ethereum,PT-sNUSD-5MAR2026,15.8,14.29
24,2026-01-03,Pendle PT,ethereum,PT-reUSDe-25JUN2026,14.86,14.29
25,2026-01-03,Pendle PT,ethereum,PT-sNUSD-5MAR2026,13.57,14.29
26,2026-01-03,Pendle PT,ethereum,PT-srUSDe-2APR2026,7.08,14.29
27,2026-01-03,Uniswap MM,arbitrum,ETH/USDC,10.63,14.29
28,2026-01-03,Uniswap MM,arbitrum,WBTC/USDC,12.3,14.29
29,2026-01-04,Pendle LP,ethereum,PT-reUSDe-25JUN2026,19.34,12.5
30,2026-01-04,Pendle LP,ethereum,PT-sNUSD-5MAR2026,15.91,12.5
31,2026-01-04,Pendle PT,ethereum,PT-reUSDe-25JUN2026,14.86,12.5
32,2026-01-04,Pendle PT,ethereum,PT-sNUSD-5MAR2026,13.57,12.5
33,2026-01-04,Pendle PT,ethereum,PT-srUSDe-2APR2026,7.08,12.5
34,2026-01-04,Uniswap MM,arbitrum,ETH/USDC,15.82,12.5
35,2026-01-04,Uniswap MM,mainnet,ETH/USDC,6.67,12.5
36,2026-01-04,Uniswap MM,arbitrum,WBTC/USDC,16.54,12.5
37,2026-01-05,Pendle LP,ethereum,PT-reUSDe-25JUN2026,15.87,7.14
38,2026-01-05,Pendle LP,ethereum,PT-sNUSD-5MAR2026,16.01,7.14
39,2026-01-05,Pendle PT,ethereum,PT-reUSDe-25JUN2026,14.86,7.14
40,2026-01-05,Pendle PT,ethereum,PT-sNUSD-5MAR2026,13.57,7.14
41,2026-01-05,Pendle PT,ethereum,PT-srUSDe-2APR2026,7.08,7.14
42,2026-01-05,Uniswap MM,arbitrum,ETH/USDC,38.66,7.14
43,2026-01-05,Uniswap MM,mainnet,ETH/USDC,25.82,7.14
44,2026-01-05,Uniswap MM,unichain,ETH/USDC,6.86,7.14
45,2026-01-05,Uniswap MM,arbitrum,ETH/USDT,15.59,7.14
46,2026-01-05,Uniswap MM,mainnet,ETH/USDT,8.89,7.14
47,2026-01-05,Uniswap MM,arbitrum,WBTC/USDC,37.25,7.14
48,2026-01-05,Uniswap MM,mainnet,WBTC/USDC,7.52,7.14
49,2026-01-05,Uniswap MM,unichain,WBTC/USDC,10.31,7.14
50,2026-01-05,Uniswap MM,mainnet,WBTC/USDT,14.15,7.14
51,2026-01-06,Pendle LP,ethereum,PT-reUSDe-25JUN2026,15.68,7.14
52,2026-01-06,Pendle LP,ethereum,PT-sNUSD-5MAR2026,15.79,7.14
53,2026-01-06,Pendle PT,ethereum,PT-reUSDe-25JUN2026,14.86,7.14
54,2026-01-06,Pendle PT,ethereum,PT-sNUSD-5MAR2026,13.57,7.14
55,2026-01-06,Pendle PT,ethereum,PT-srUSDe-2APR2026,7.08,7.14
56,2026-01-06,Uniswap MM,arbitrum,ETH/USDC,38.18,7.14
57,2026-01-06,Uniswap MM,mainnet,ETH/USDC,28.8,7.14
58,2026-01-06,Uniswap MM,unichain,ETH/USDC,7.17,7.14
59,2026-01-06,Uniswap MM,arbitrum,ETH/USDT,15.28,7.14
60,2026-01-06,Uniswap MM,mainnet,ETH/USDT,10.05,7.14
61,2026-01-06,Uniswap MM,arbitrum,WBTC/USDC,39.28,7.14
62,2026-01-06,Uniswap MM,mainnet,WBTC/USDC,7.7,7.14
63,2026-01-06,Uniswap MM,unichain,WBTC/USDC,12.67,7.14
64,2026-01-06,Uniswap MM,mainnet,WBTC/USDT,16.11,7.14
65,2026-01-07,Pendle LP,ethereum,PT-reUSDe-25JUN2026,15.56,7.69
66,2026-01-07,Pendle LP,ethereum,PT-sNUSD-5MAR2026,15.51,7.69
67,2026-01-07,Pendle PT,ethereum,PT-reUSDe-25JUN2026,14.86,7.69
68,2026-01-07,Pendle PT,ethereum,PT-sNUSD-5MAR2026,13.57,7.69
69,2026-01-07,Pendle PT,ethereum,PT-srUSDe-2APR2026,7.08,7.69
70,2026-01-07,Uniswap MM,arbitrum,ETH/USDC,36.52,7.69
71,2026-01-07,Uniswap MM,mainnet,ETH/USDC,20.88,7.69
72,2026-01-07,Uniswap MM,unichain,ETH/USDC,6.6,7.69
73,2026-01-07,Uniswap MM,arbitrum,ETH/USDT,13.93,7.69
74,2026-01-07,Uniswap MM,mainnet,ETH/USDT,7.68,7.69
75,2026-01-07,Uniswap MM,arbitrum,WBTC/USDC,34.8,7.69
76,2026-01-07,Uniswap MM,unichain,WBTC/USDC,9,7.69
77,2026-01-07,Uniswap MM,mainnet,WBTC/USDT,9.76,7.69
78,2026-01-08,Pendle LP,ethereum,PT-reUSDe-25JUN2026,15.7,6.67
79,2026-01-08,Pendle LP,ethereum,PT-sNUSD-5MAR2026,14.95,6.67
80,2026-01-08,Pendle LP,ethereum,PT-srUSDe-2APR2026,6.63,6.67
81,2026-01-08,Pendle PT,ethereum,PT-reUSDe-25JUN2026,14.86,6.67
82,2026-01-08,Pendle PT,ethereum,PT-sNUSD-5MAR2026,13.57,6.67
83,2026-01-08,Pendle PT,ethereum,PT-srUSDe-2APR2026,7.08,6.67
84,2026-01-08,Uniswap MM,arbitrum,ETH/USDC,36.46,6.67
85,2026-01-08,Uniswap MM,mainnet,ETH/USDC,23.3,6.67
86,2026-01-08,Uniswap MM,unichain,ETH/USDC,6.55,6.67
87,2026-01-08,Uniswap MM,arbitrum,ETH/USDT,13.58,6.67
88,2026-01-08,Uniswap MM,mainnet,ETH/USDT,7.02,6.67
89,2026-01-08,Uniswap MM,arbitrum,WBTC/USDC,35.93,6.67
90,2026-01-08,Uniswap MM,unichain,WBTC/USDC,12.23,6.67
91,2026-01-08,Uniswap MM,mainnet,WBTC/USDT,11.85,6.67
92,2026-01-08,Uniswap MM,unichain,WBTC/USDT,7.54,6.67
93,2026-01-09,Pendle LP,ethereum,PT-reUSDe-25JUN2026,15.58,6.25
94,2026-01-09,Pendle LP,ethereum,PT-sNUSD-5MAR2026,14.76,6.25
95,2026-01-09,Pendle LP,ethereum,PT-srUSDe-2APR2026,6.53,6.25
96,2026-01-09,Pendle PT,ethereum,PT-reUSDe-25JUN2026,14.86,6.25
97,2026-01-09,Pendle PT,ethereum,PT-sNUSD-5MAR2026,13.57,6.25
98,2026-01-09,Pendle PT,ethereum,PT-srUSDe-2APR2026,7.08,6.25
99,2026-01-09,Uniswap MM,arbitrum,ETH/USDC,38.32,6.25
100,2026-01-09,Uniswap MM,mainnet,ETH/USDC,26.19,6.25
101,2026-01-09,Uniswap MM,unichain,ETH/USDC,6.56,6.25
102,2026-01-09,Uniswap MM,arbitrum,ETH/USDT,14.23,6.25
103,2026-01-09,Uniswap MM,mainnet,ETH/USDT,8.82,6.25
104,2026-01-09,Uniswap MM,arbitrum,WBTC/USDC,37.78,6.25
105,2026-01-09,Uniswap MM,mainnet,WBTC/USDC,7.17,6.25
106,2026-01-09,Uniswap MM,unichain,WBTC/USDC,12.13,6.25
107,2026-01-09,Uniswap MM,mainnet,WBTC/USDT,13.9,6.25
108,2026-01-09,Uniswap MM,unichain,WBTC/USDT,6.55,6.25
109,2026-01-10,Pendle LP,ethereum,PT-reUSDe-25JUN2026,15.59,20
110,2026-01-10,Pendle LP,ethereum,PT-sNUSD-5MAR2026,14.39,20
111,2026-01-10,Pendle PT,ethereum,PT-reUSDe-25JUN2026,14.86,20
112,2026-01-10,Pendle PT,ethereum,PT-sNUSD-5MAR2026,13.57,20
113,2026-01-10,Pendle PT,ethereum,PT-srUSDe-2APR2026,7.08,20
114,2026-01-11,Pendle LP,ethereum,PT-reUSDe-25JUN2026,15.71,11.11
115,2026-01-11,Pendle LP,ethereum,PT-sNUSD-5MAR2026,14.25,11.11
116,2026-01-11,Pendle LP,ethereum,PT-srUSDe-2APR2026,6.5,11.11
117,2026-01-11,Pendle PT,ethereum,PT-reUSDe-25JUN2026,14.86,11.11
118,2026-01-11,Pendle PT,ethereum,PT-sNUSD-5MAR2026,13.57,11.11
119,2026-01-11,Pendle PT,ethereum,PT-srUSDe-2APR2026,7.08,11.11
120,2026-01-11,Uniswap MM,arbitrum,ETH/USDC,13.16,11.11
121,2026-01-11,Uniswap MM,mainnet,ETH/USDC,7.2,11.11
122,2026-01-11,Uniswap MM,arbitrum,WBTC/USDC,9.69,11.11
123,2026-01-12,Pendle LP,ethereum,PT-reUSDe-25JUN2026,15.59,7.69
124,2026-01-12,Pendle LP,ethereum,PT-sNUSD-5MAR2026,13.79,7.69
125,2026-01-12,Pendle PT,ethereum,PT-reUSDe-25JUN2026,14.86,7.69
126,2026-01-12,Pendle PT,ethereum,PT-sNUSD-5MAR2026,13.57,7.69
127,2026-01-12,Pendle PT,ethereum,PT-srUSDe-2APR2026,7.08,7.69
128,2026-01-12,Uniswap MM,arbitrum,ETH/USDC,43.79,7.69
129,2026-01-12,Uniswap MM,mainnet,ETH/USDC,21.48,7.69
130,2026-01-12,Uniswap MM,arbitrum,ETH/USDT,13.89,7.69
131,2026-01-12,Uniswap MM,mainnet,ETH/USDT,8.3,7.69
132,2026-01-12,Uniswap MM,arbitrum,WBTC/USDC,41.41,7.69
133,2026-01-12,Uniswap MM,mainnet,WBTC/USDC,9.27,7.69
134,2026-01-12,Uniswap MM,unichain,WBTC/USDC,13.24,7.69
135,2026-01-12,Uniswap MM,mainnet,WBTC/USDT,17.62,7.69
136,2026-01-13,Pendle LP,ethereum,PT-reUSDe-25JUN2026,16.13,6.67
137,2026-01-13,Pendle LP,ethereum,PT-sNUSD-5MAR2026,13.61,6.67
138,2026-01-13,Pendle PT,ethereum,PT-reUSDe-25JUN2026,14.86,6.67
139,2026-01-13,Pendle PT,ethereum,PT-sNUSD-5MAR2026,13.57,6.67
140,2026-01-13,Pendle PT,ethereum,PT-srUSDe-2APR2026,7.08,6.67
141,2026-01-13,Uniswap MM,arbitrum,ETH/USDC,48.72,6.67
142,2026-01-13,Uniswap MM,mainnet,ETH/USDC,29.94,6.67
143,2026-01-13,Uniswap MM,unichain,ETH/USDC,8.1,6.67
144,2026-01-13,Uniswap MM,arbitrum,ETH/USDT,21.55,6.67
145,2026-01-13,Uniswap MM,mainnet,ETH/USDT,9.71,6.67
146,2026-01-13,Uniswap MM,arbitrum,WBTC/USDC,46.23,6.67
147,2026-01-13,Uniswap MM,mainnet,WBTC/USDC,8.3,6.67
148,2026-01-13,Uniswap MM,unichain,WBTC/USDC,14.31,6.67
149,2026-01-13,Uniswap MM,mainnet,WBTC/USDT,34.75,6.67
150,2026-01-13,Uniswap MM,unichain,WBTC/USDT,7.67,6.67
151,2026-01-14,Pendle LP,ethereum,PT-reUSDe-25JUN2026,16.35,7.14
152,2026-01-14,Pendle LP,ethereum,PT-sNUSD-5MAR2026,13.41,7.14
153,2026-01-14,Pendle PT,ethereum,PT-reUSDe-25JUN2026,14.86,7.14
154,2026-01-14,Pendle PT,ethereum,PT-sNUSD-5MAR2026,13.57,7.14
155,2026-01-14,Pendle PT,ethereum,PT-srUSDe-2APR2026,7.08,7.14
156,2026-01-14,Uniswap MM,arbitrum,ETH/USDC,52.29,7.14
157,2026-01-14,Uniswap MM,mainnet,ETH/USDC,29.41,7.14
158,2026-01-14,Uniswap MM,unichain,ETH/USDC,8.44,7.14
159,2026-01-14,Uniswap MM,arbitrum,ETH/USDT,23.96,7.14
160,2026-01-14,Uniswap MM,mainnet,ETH/USDT,8.31,7.14
161,2026-01-14,Uniswap MM,arbitrum,WBTC/USDC,32.6,7.14
162,2026-01-14,Uniswap MM,unichain,WBTC/USDC,11.36,7.14
163,2026-01-14,Uniswap MM,mainnet,WBTC/USDT,14.3,7.14
164,2026-01-14,Uniswap MM,unichain,WBTC/USDT,8.83,7.14
165,2026-01-15,Pendle LP,ethereum,PT-reUSDe-25JUN2026,14.77,7.14
166,2026-01-15,Pendle LP,ethereum,PT-sNUSD-5MAR2026,13.65,7.14
167,2026-01-15,Pendle PT,ethereum,PT-reUSDe-25JUN2026,14.86,7.14
168,2026-01-15,Pendle PT,ethereum,PT-sNUSD-5MAR2026,13.57,7.14
169,2026-01-15,Pendle PT,ethereum,PT-srUSDe-2APR2026,7.08,7.14
170,2026-01-15,Uniswap MM,arbitrum,ETH/USDC,47.72,7.14
171,2026-01-15,Uniswap MM,mainnet,ETH/USDC,34.78,7.14
172,2026-01-15,Uniswap MM,unichain,ETH/USDC,7.21,7.14
173,2026-01-15,Uniswap MM,arbitrum,ETH/USDT,21.5,7.14
174,2026-01-15,Uniswap MM,mainnet,ETH/USDT,7.53,7.14
175,2026-01-15,Uniswap MM,arbitrum,WBTC/USDC,32.86,7.14
176,2026-01-15,Uniswap MM,unichain,WBTC/USDC,11.69,7.14
177,2026-01-15,Uniswap MM,mainnet,WBTC/USDT,13.07,7.14
178,2026-01-15,Uniswap MM,unichain,WBTC/USDT,8.13,7.14
179,2026-01-16,Pendle LP,ethereum,PT-reUSDe-25JUN2026,14.73,11.11
180,2026-01-16,Pendle LP,ethereum,PT-sNUSD-5MAR2026,13.52,11.11
181,2026-01-16,Pendle PT,ethereum,PT-reUSDe-25JUN2026,14.86,11.11
182,2026-01-16,Pendle PT,ethereum,PT-sNUSD-5MAR2026,13.57,11.11
183,2026-01-16,Pendle PT,ethereum,PT-srUSDe-2APR2026,7.08,11.11
184,2026-01-16,Uniswap MM,arbitrum,ETH/USDC,26.03,11.11
185,2026-01-16,Uniswap MM,mainnet,ETH/USDC,14.93,11.11
186,2026-01-16,Uniswap MM,arbitrum,ETH/USDT,10.24,11.11
187,2026-01-16,Uniswap MM,arbitrum,WBTC/USDC,22.17,11.11
188,2026-01-17,Pendle LP,ethereum,PT-reUSDe-25JUN2026,14.69,16.67
189,2026-01-17,Pendle LP,ethereum,PT-sNUSD-5MAR2026,13.38,16.67
190,2026-01-17,Pendle PT,ethereum,PT-reUSDe-25JUN2026,14.86,16.67
191,2026-01-17,Pendle PT,ethereum,PT-sNUSD-5MAR2026,13.57,16.67
192,2026-01-17,Pendle PT,ethereum,PT-srUSDe-2APR2026,7.08,16.67
193,2026-01-17,Uniswap MM,arbitrum,ETH/USDC,6.78,16.67
194,2026-01-18,Pendle LP,ethereum,PT-reUSDe-25JUN2026,14.59,11.11
195,2026-01-18,Pendle LP,ethereum,PT-sNUSD-5MAR2026,13.21,11.11
196,2026-01-18,Pendle PT,ethereum,PT-reUSDe-25JUN2026,14.86,11.11
197,2026-01-18,Pendle PT,ethereum,PT-sNUSD-5MAR2026,13.57,11.11
198,2026-01-18,Pendle PT,ethereum,PT-srUSDe-2APR2026,7.08,11.11
199,2026-01-18,Uniswap MM,arbitrum,ETH/USDC,16.4,11.11
200,2026-01-18,Uniswap MM,mainnet,ETH/USDC,12.55,11.11
201,2026-01-18,Uniswap MM,arbitrum,ETH/USDT,7.57,11.11
202,2026-01-18,Uniswap MM,arbitrum,WBTC/USDC,11.95,11.11
203,2026-01-19,Pendle LP,ethereum,PT-reUSDe-25JUN2026,14.54,8.33
204,2026-01-19,Pendle LP,ethereum,PT-sNUSD-5MAR2026,13.01,8.33
205,2026-01-19,Pendle PT,ethereum,PT-reUSDe-25JUN2026,14.86,8.33
206,2026-01-19,Pendle PT,ethereum,PT-sNUSD-5MAR2026,13.57,8.33
207,2026-01-19,Pendle PT,ethereum,PT-srUSDe-2APR2026,7.08,8.33
208,2026-01-19,Uniswap MM,arbitrum,ETH/USDC,39.29,8.33
209,2026-01-19,Uniswap MM,mainnet,ETH/USDC,15.44,8.33
210,2026-01-19,Uniswap MM,arbitrum,ETH/USDT,22.76,8.33
211,2026-01-19,Uniswap MM,mainnet,ETH/USDT,29.99,8.33
212,2026-01-19,Uniswap MM,arbitrum,WBTC/USDC,31.22,8.33
213,2026-01-19,Uniswap MM,unichain,WBTC/USDC,8.36,8.33
214,2026-01-19,Uniswap MM,mainnet,WBTC/USDT,12.47,8.33
215,2026-01-20,Pendle LP,ethereum,PT-reUSDe-25JUN2026,18.91,6.67
216,2026-01-20,Pendle LP,ethereum,PT-sNUSD-5MAR2026,12.93,6.67
217,2026-01-20,Pendle LP,arbitrum,PT-weETH-25JUN2026,10,6.67
218,2026-01-20,Pendle PT,ethereum,PT-reUSDe-25JUN2026,14.86,6.67
219,2026-01-20,Pendle PT,ethereum,PT-sNUSD-5MAR2026,13.57,6.67
220,2026-01-20,Pendle PT,ethereum,PT-srUSDe-2APR2026,7.08,6.67
221,2026-01-20,Uniswap MM,arbitrum,ETH/USDC,55.9,6.67
222,2026-01-20,Uniswap MM,mainnet,ETH/USDC,22.94,6.67
223,2026-01-20,Uniswap MM,unichain,ETH/USDC,8.47,6.67
224,2026-01-20,Uniswap MM,arbitrum,ETH/USDT,38.35,6.67
225,2026-01-20,Uniswap MM,mainnet,ETH/USDT,14.42,6.67
226,2026-01-20,Uniswap MM,arbitrum,WBTC/USDC,54.6,6.67
227,2026-01-20,Uniswap MM,unichain,WBTC/USDC,14.13,6.67
228,2026-01-20,Uniswap MM,mainnet,WBTC/USDT,16.09,6.67
229,2026-01-20,Uniswap MM,unichain,WBTC/USDT,8.76,6.67
230,2026-01-21,Pendle LP,ethereum,PT-reUSDe-25JUN2026,18.72,6.25
231,2026-01-21,Pendle LP,ethereum,PT-sNUSD-5MAR2026,13.05,6.25
232,2026-01-21,Pendle LP,arbitrum,PT-weETH-25JUN2026,9.93,6.25
233,2026-01-21,Pendle PT,ethereum,PT-reUSDe-25JUN2026,14.86,6.25
234,2026-01-21,Pendle PT,ethereum,PT-sNUSD-5MAR2026,13.57,6.25
235,2026-01-21,Pendle PT,ethereum,PT-srUSDe-2APR2026,7.08,6.25
236,2026-01-21,Uniswap MM,arbitrum,ETH/USDC,53.79,6.25
237,2026-01-21,Uniswap MM,mainnet,ETH/USDC,33.68,6.25
238,2026-01-21,Uniswap MM,unichain,ETH/USDC,9.07,6.25
239,2026-01-21,Uniswap MM,arbitrum,ETH/USDT,32.74,6.25
240,2026-01-21,Uniswap MM,mainnet,ETH/USDT,22.49,6.25
241,2026-01-21,Uniswap MM,arbitrum,WBTC/USDC,65.79,6.25
242,2026-01-21,Uniswap MM,mainnet,WBTC/USDC,11.91,6.25
243,2026-01-21,Uniswap MM,unichain,WBTC/USDC,22.46,6.25
244,2026-01-21,Uniswap MM,mainnet,WBTC/USDT,25.49,6.25
245,2026-01-21,Uniswap MM,unichain,WBTC/USDT,10.94,6.25
246,2026-01-22,Pendle LP,ethereum,PT-reUSDe-25JUN2026,20.84,7.69
247,2026-01-22,Pendle LP,ethereum,PT-sNUSD-5MAR2026,12.26,7.69
248,2026-01-22,Pendle LP,arbitrum,PT-weETH-25JUN2026,10.36,7.69
249,2026-01-22,Pendle PT,ethereum,PT-reUSDe-25JUN2026,14.86,7.69
250,2026-01-22,Pendle PT,ethereum,PT-sNUSD-5MAR2026,13.57,7.69
251,2026-01-22,Pendle PT,ethereum,PT-srUSDe-2APR2026,7.08,7.69
252,2026-01-22,Uniswap MM,arbitrum,ETH/USDC,31.54,7.69
253,2026-01-22,Uniswap MM,mainnet,ETH/USDC,17.26,7.69
254,2026-01-22,Uniswap MM,arbitrum,ETH/USDT,25.03,7.69
255,2026-01-22,Uniswap MM,mainnet,ETH/USDT,12.55,7.69
256,2026-01-22,Uniswap MM,arbitrum,WBTC/USDC,32.97,7.69
257,2026-01-22,Uniswap MM,unichain,WBTC/USDC,7.13,7.69
258,2026-01-22,Uniswap MM,mainnet,WBTC/USDT,14.63,7.69
259,2026-01-23,Pendle LP,ethereum,PT-reUSDe-25JUN2026,20.62,7.14
260,2026-01-23,Pendle LP,ethereum,PT-sNUSD-5MAR2026,12.35,7.14
261,2026-01-23,Pendle LP,arbitrum,PT-weETH-25JUN2026,10.07,7.14
262,2026-01-23,Pendle PT,ethereum,PT-reUSDe-25JUN2026,14.86,7.14
263,2026-01-23,Pendle PT,ethereum,PT-sNUSD-5MAR2026,13.57,7.14
264,2026-01-23,Pendle PT,ethereum,PT-srUSDe-2APR2026,7.08,7.14
265,2026-01-23,Uniswap MM,arbitrum,ETH/USDC,27.87,7.14
266,2026-01-23,Uniswap MM,mainnet,ETH/USDC,13.7,7.14
267,2026-01-23,Uniswap MM,arbitrum,ETH/USDT,20.52,7.14
268,2026-01-23,Uniswap MM,mainnet,ETH/USDT,12,7.14
269,2026-01-23,Uniswap MM,arbitrum,WBTC/USDC,33.99,7.14
270,2026-01-23,Uniswap MM,mainnet,WBTC/USDC,7.63,7.14
271,2026-01-23,Uniswap MM,unichain,WBTC/USDC,10.55,7.14
272,2026-01-23,Uniswap MM,mainnet,WBTC/USDT,12.17,7.14
273,2026-01-24,Pendle LP,ethereum,PT-reUSDe-25JUN2026,20.47,16.67
274,2026-01-24,Pendle LP,ethereum,PT-sNUSD-5MAR2026,12.53,16.67
275,2026-01-24,Pendle LP,arbitrum,PT-weETH-25JUN2026,10.06,16.67
276,2026-01-24,Pendle PT,ethereum,PT-reUSDe-25JUN2026,14.86,16.67
277,2026-01-24,Pendle PT,ethereum,PT-sNUSD-5MAR2026,13.57,16.67
278,2026-01-24,Pendle PT,ethereum,PT-srUSDe-2APR2026,7.08,16.67
279,2026-01-25,Pendle LP,ethereum,PT-reUSDe-25JUN2026,20.28,7.14
280,2026-01-25,Pendle LP,ethereum,PT-sNUSD-5MAR2026,12.46,7.14
281,2026-01-25,Pendle LP,arbitrum,PT-weETH-25JUN2026,9.96,7.14
282,2026-01-25,Pendle PT,ethereum,PT-reUSDe-25JUN2026,14.86,7.14
283,2026-01-25,Pendle PT,ethereum,PT-sNUSD-5MAR2026,13.57,7.14
284,2026-01-25,Pendle PT,ethereum,PT-srUSDe-2APR2026,7.08,7.14
285,2026-01-25,Uniswap MM,arbitrum,ETH/USDC,17.92,7.14
286,2026-01-25,Uniswap MM,mainnet,ETH/USDC,9.01,7.14
287,2026-01-25,Uniswap MM,arbitrum,ETH/USDT,14.83,7.14
288,2026-01-25,Uniswap MM,mainnet,ETH/USDT,10.04,7.14
289,2026-01-25,Uniswap MM,arbitrum,WBTC/USDC,31.07,7.14
290,2026-01-25,Uniswap MM,unichain,WBTC/USDC,8.39,7.14
291,2026-01-25,Uniswap MM,mainnet,WBTC/USDT,10.74,7.14
292,2026-01-25,Uniswap MM,unichain,WBTC/USDT,6.73,7.14
293,2026-01-26,Pendle LP,ethereum,PT-reUSDe-25JUN2026,20.11,6.67
294,2026-01-26,Pendle LP,ethereum,PT-sNUSD-5MAR2026,12.51,6.67
295,2026-01-26,Pendle LP,arbitrum,PT-weETH-25JUN2026,10,6.67
296,2026-01-26,Pendle PT,ethereum,PT-reUSDe-25JUN2026,14.86,6.67
297,2026-01-26,Pendle PT,ethereum,PT-sNUSD-5MAR2026,13.57,6.67
298,2026-01-26,Pendle PT,ethereum,PT-srUSDe-2APR2026,7.08,6.67
299,2026-01-26,Uniswap MM,arbitrum,ETH/USDC,24.81,6.67
300,2026-01-26,Uniswap MM,mainnet,ETH/USDC,17.12,6.67
301,2026-01-26,Uniswap MM,arbitrum,ETH/USDT,21,6.67
302,2026-01-26,Uniswap MM,mainnet,ETH/USDT,11.77,6.67
303,2026-01-26,Uniswap MM,arbitrum,WBTC/USDC,38.36,6.67
304,2026-01-26,Uniswap MM,mainnet,WBTC/USDC,10.35,6.67
305,2026-01-26,Uniswap MM,unichain,WBTC/USDC,13.76,6.67
306,2026-01-26,Uniswap MM,mainnet,WBTC/USDT,18.22,6.67
307,2026-01-26,Uniswap MM,unichain,WBTC/USDT,7.09,6.67
308,2026-01-27,Pendle LP,ethereum,PT-reUSDe-25JUN2026,16.06,7.69
309,2026-01-27,Pendle LP,ethereum,PT-sNUSD-5MAR2026,12.65,7.69
310,2026-01-27,Pendle PT,ethereum,PT-reUSDe-25JUN2026,14.86,7.69
311,2026-01-27,Pendle PT,ethereum,PT-sNUSD-5MAR2026,13.57,7.69
312,2026-01-27,Pendle PT,ethereum,PT-srUSDe-2APR2026,7.08,7.69
313,2026-01-27,Uniswap MM,arbitrum,ETH/USDC,27.74,7.69
314,2026-01-27,Uniswap MM,mainnet,ETH/USDC,15.19,7.69
315,2026-01-27,Uniswap MM,arbitrum,ETH/USDT,21.82,7.69
316,2026-01-27,Uniswap MM,mainnet,ETH/USDT,10.19,7.69
317,2026-01-27,Uniswap MM,arbitrum,WBTC/USDC,32.55,7.69
318,2026-01-27,Uniswap MM,mainnet,WBTC/USDC,6.85,7.69
319,2026-01-27,Uniswap MM,unichain,WBTC/USDC,8.77,7.69
320,2026-01-27,Uniswap MM,mainnet,WBTC/USDT,12.13,7.69
321,2026-01-28,Pendle LP,ethereum,PT-reUSDe-25JUN2026,16,7.14
322,2026-01-28,Pendle LP,ethereum,PT-sNUSD-5MAR2026,12.45,7.14
323,2026-01-28,Pendle PT,ethereum,PT-reUSDe-25JUN2026,14.86,7.14
324,2026-01-28,Pendle PT,ethereum,PT-sNUSD-5MAR2026,13.57,7.14
325,2026-01-28,Pendle PT,ethereum,PT-srUSDe-2APR2026,7.08,7.14
326,2026-01-28,Uniswap MM,arbitrum,ETH/USDC,41.28,7.14
327,2026-01-28,Uniswap MM,mainnet,ETH/USDC,15.56,7.14
328,2026-01-28,Uniswap MM,arbitrum,ETH/USDT,34.66,7.14
329,2026-01-28,Uniswap MM,mainnet,ETH/USDT,10.16,7.14
330,2026-01-28,Uniswap MM,arbitrum,WBTC/USDC,40.47,7.14
331,2026-01-28,Uniswap MM,mainnet,WBTC/USDC,7.6,7.14
332,2026-01-28,Uniswap MM,unichain,WBTC/USDC,9.78,7.14
333,2026-01-28,Uniswap MM,mainnet,WBTC/USDT,12.97,7.14
334,2026-01-28,Uniswap MM,unichain,WBTC/USDT,6.87,7.14
335,2026-01-29,Pendle LP,ethereum,PT-reUSDe-25JUN2026,18.46,7.14
336,2026-01-29,Pendle LP,ethereum,PT-sNUSD-5MAR2026,12.17,7.14
337,2026-01-29,Pendle PT,ethereum,PT-reUSDe-25JUN2026,14.86,7.14
338,2026-01-29,Pendle PT,ethereum,PT-sNUSD-5MAR2026,13.57,7.14
339,2026-01-29,Pendle PT,ethereum,PT-srUSDe-2APR2026,7.08,7.14
340,2026-01-29,Uniswap MM,arbitrum,ETH/USDC,30.29,7.14
341,2026-01-29,Uniswap MM,mainnet,ETH/USDC,19.98,7.14
342,2026-01-29,Uniswap MM,arbitrum,ETH/USDT,24.6,7.14
343,2026-01-29,Uniswap MM,mainnet,ETH/USDT,12.64,7.14
344,2026-01-29,Uniswap MM,arbitrum,WBTC/USDC,48.47,7.14
345,2026-01-29,Uniswap MM,mainnet,WBTC/USDC,16.43,7.14
346,2026-01-29,Uniswap MM,unichain,WBTC/USDC,17.27,7.14
347,2026-01-29,Uniswap MM,mainnet,WBTC/USDT,15.12,7.14
348,2026-01-29,Uniswap MM,unichain,WBTC/USDT,8.64,7.14
349,2026-01-30,Pendle LP,ethereum,PT-reUSDe-25JUN2026,18.31,6.25
350,2026-01-30,Pendle LP,ethereum,PT-sNUSD-5MAR2026,11.93,6.25
351,2026-01-30,Pendle PT,ethereum,PT-reUSDe-25JUN2026,14.86,6.25
352,2026-01-30,Pendle PT,ethereum,PT-sNUSD-5MAR2026,13.57,6.25
353,2026-01-30,Pendle PT,ethereum,PT-srUSDe-2APR2026,7.08,6.25
354,2026-01-30,Uniswap MM,arbitrum,ETH/USDC,38.72,6.25
355,2026-01-30,Uniswap MM,mainnet,ETH/USDC,33.37,6.25
356,2026-01-30,Uniswap MM,unichain,ETH/USDC,9.79,6.25
357,2026-01-30,Uniswap MM,arbitrum,ETH/USDT,19.81,6.25
358,2026-01-30,Uniswap MM,mainnet,ETH/USDT,14.66,6.25
359,2026-01-30,Uniswap MM,arbitrum,WBTC/USDC,56.85,6.25
360,2026-01-30,Uniswap MM,mainnet,WBTC/USDC,16.93,6.25
361,2026-01-30,Uniswap MM,unichain,WBTC/USDC,18.98,6.25
362,2026-01-30,Uniswap MM,arbitrum,WBTC/USDT,35.06,6.25
363,2026-01-30,Uniswap MM,mainnet,WBTC/USDT,15.58,6.25
364,2026-01-30,Uniswap MM,unichain,WBTC/USDT,16.09,6.25
365,2026-01-31,Pendle LP,ethereum,PT-reUSDe-25JUN2026,17.62,6.25
366,2026-01-31,Pendle LP,ethereum,PT-sNUSD-5MAR2026,11.68,6.25
367,2026-01-31,Pendle PT,ethereum,PT-reUSDe-25JUN2026,14.86,6.25
368,2026-01-31,Pendle PT,ethereum,PT-sNUSD-5MAR2026,13.57,6.25
369,2026-01-31,Pendle PT,ethereum,PT-srUSDe-2APR2026,7.08,6.25
370,2026-01-31,Uniswap MM,arbitrum,ETH/USDC,25.11,6.25
371,2026-01-31,Uniswap MM,mainnet,ETH/USDC,49.49,6.25
372,2026-01-31,Uniswap MM,unichain,ETH/USDC,6.58,6.25
373,2026-01-31,Uniswap MM,arbitrum,ETH/USDT,7.44,6.25
374,2026-01-31,Uniswap MM,mainnet,ETH/USDT,16.36,6.25
375,2026-01-31,Uniswap MM,arbitrum,WBTC/USDC,44.03,6.25
376,2026-01-31,Uniswap MM,mainnet,WBTC/USDC,23.34,6.25
377,2026-01-31,Uniswap MM,unichain,WBTC/USDC,13.01,6.25
378,2026-01-31,Uniswap MM,arbitrum,WBTC/USDT,11.47,6.25
379,2026-01-31,Uniswap MM,mainnet,WBTC/USDT,15.61,6.25
380,2026-01-31,Uniswap MM,unichain,WBTC/USDT,17.85,6.25
381,2026-02-01,Pendle LP,ethereum,PT-reUSDe-25JUN2026,17.28,7.69
382,2026-02-01,Pendle LP,ethereum,PT-sNUSD-5MAR2026,11.49,7.69
383,2026-02-01,Pendle PT,ethereum,PT-reUSDe-25JUN2026,14.86,7.69
384,2026-02-01,Pendle PT,ethereum,PT-sNUSD-5MAR2026,13.57,7.69
385,2026-02-01,Pendle PT,ethereum,PT-srUSDe-2APR2026,7.08,7.69
386,2026-02-01,Uniswap MM,arbitrum,ETH/USDC,14.33,7.69
387,2026-02-01,Uniswap MM,mainnet,ETH/USDC,24.65,7.69
388,2026-02-01,Uniswap MM,mainnet,ETH/USDT,7.81,7.69
389,2026-02-01,Uniswap MM,arbitrum,WBTC/USDC,36.03,7.69
390,2026-02-01,Uniswap MM,mainnet,WBTC/USDC,14.99,7.69
391,2026-02-01,Uniswap MM,unichain,WBTC/USDC,9.3,7.69
392,2026-02-01,Uniswap MM,mainnet,WBTC/USDT,9.4,7.69
393,2026-02-01,Uniswap MM,unichain,WBTC/USDT,12.22,7.69
394,2026-02-02,Pendle LP,ethereum,PT-reUSDe-25JUN2026,16.68,7.14
395,2026-02-02,Pendle LP,ethereum,PT-sNUSD-5MAR2026,11.34,7.14
396,2026-02-02,Pendle PT,ethereum,PT-reUSDe-25JUN2026,14.86,7.14
397,2026-02-02,Pendle PT,ethereum,PT-sNUSD-5MAR2026,13.57,7.14
398,2026-02-02,Pendle PT,ethereum,PT-srUSDe-2APR2026,7.08,7.14
399,2026-02-02,Uniswap MM,arbitrum,ETH/USDC,17.6,7.14
400,2026-02-02,Uniswap MM,mainnet,ETH/USDC,23.34,7.14
401,2026-02-02,Uniswap MM,arbitrum,ETH/USDT,6.84,7.14
402,2026-02-02,Uniswap MM,mainnet,ETH/USDT,9.62,7.14
403,2026-02-02,Uniswap MM,arbitrum,WBTC/USDC,52.38,7.14
404,2026-02-02,Uniswap MM,mainnet,WBTC/USDC,16.13,7.14
405,2026-02-02,Uniswap MM,unichain,WBTC/USDC,16.85,7.14
406,2026-02-02,Uniswap MM,mainnet,WBTC/USDT,14.21,7.14
407,2026-02-02,Uniswap MM,unichain,WBTC/USDT,15.02,7.14
408,2026-02-03,Pendle LP,ethereum,PT-USDe-5FEB2026,6.94,7.14
409,2026-02-03,Pendle LP,ethereum,PT-reUSDe-25JUN2026,17.08,7.14
410,2026-02-03,Pendle LP,ethereum,PT-sNUSD-5MAR2026,11.15,7.14
411,2026-02-03,Pendle PT,ethereum,PT-reUSDe-25JUN2026,14.86,7.14
412,2026-02-03,Pendle PT,ethereum,PT-sNUSD-5MAR2026,13.57,7.14
413,2026-02-03,Pendle PT,ethereum,PT-srUSDe-2APR2026,7.08,7.14
414,2026-02-03,Uniswap MM,arbitrum,ETH/USDC,18.66,7.14
415,2026-02-03,Uniswap MM,mainnet,ETH/USDC,26.09,7.14
416,2026-02-03,Uniswap MM,mainnet,ETH/USDT,7.27,7.14
417,2026-02-03,Uniswap MM,arbitrum,WBTC/USDC,38.69,7.14
418,2026-02-03,Uniswap MM,mainnet,WBTC/USDC,16.21,7.14
419,2026-02-03,Uniswap MM,unichain,WBTC/USDC,13.79,7.14
420,2026-02-03,Uniswap MM,mainnet,WBTC/USDT,12.14,7.14
421,2026-02-03,Uniswap MM,unichain,WBTC/USDT,10.81,7.14
422,2026-02-04,Pendle LP,ethereum,PT-USDe-5FEB2026,21.05,7.69
423,2026-02-04,Pendle LP,ethereum,PT-reUSDe-25JUN2026,17.14,7.69
424,2026-02-04,Pendle LP,ethereum,PT-sNUSD-5MAR2026,11.18,7.69
425,2026-02-04,Pendle PT,ethereum,PT-reUSDe-25JUN2026,14.86,7.69
426,2026-02-04,Pendle PT,ethereum,PT-sNUSD-5MAR2026,13.57,7.69
427,2026-02-04,Pendle PT,ethereum,PT-srUSDe-2APR2026,7.08,7.69
428,2026-02-04,Uniswap MM,arbitrum,ETH/USDC,21.33,7.69
429,2026-02-04,Uniswap MM,mainnet,ETH/USDC,25.99,7.69
430,2026-02-04,Uniswap MM,mainnet,ETH/USDT,9.08,7.69
431,2026-02-04,Uniswap MM,mainnet,USDC/cbBTC,8.98,7.69
432,2026-02-04,Uniswap MM,arbitrum,WBTC/USDC,32.93,7.69
433,2026-02-04,Uniswap MM,mainnet,WBTC/USDC,16.43,7.69
434,2026-02-04,Uniswap MM,mainnet,WBTC/USDT,17.03,7.69
435,2026-02-05,Pendle LP,ethereum,PT-reUSDe-25JUN2026,16.49,6.67
436,2026-02-05,Pendle LP,ethereum,PT-sNUSD-5MAR2026,11.33,6.67
437,2026-02-05,Pendle PT,ethereum,PT-reUSDe-25JUN2026,14.86,6.67
438,2026-02-05,Pendle PT,ethereum,PT-sNUSD-5MAR2026,13.57,6.67
439,2026-02-05,Pendle PT,ethereum,PT-srUSDe-2APR2026,7.08,6.67
440,2026-02-05,Uniswap MM,arbitrum,ETH/USDC,30.49,6.67
441,2026-02-05,Uniswap MM,mainnet,ETH/USDC,44.5,6.67
442,2026-02-05,Uniswap MM,unichain,ETH/USDC,7.3,6.67
443,2026-02-05,Uniswap MM,arbitrum,ETH/USDT,7.25,6.67
444,2026-02-05,Uniswap MM,mainnet,ETH/USDT,24.66,6.67
445,2026-02-05,Uniswap MM,mainnet,USDC/cbBTC,62.87,6.67
446,2026-02-05,Uniswap MM,arbitrum,WBTC/USDC,35.5,6.67
447,2026-02-05,Uniswap MM,mainnet,WBTC/USDC,40.21,6.67
448,2026-02-05,Uniswap MM,unichain,WBTC/USDC,8.95,6.67
449,2026-02-05,Uniswap MM,mainnet,WBTC/USDT,46.35,6.67
450,2026-02-06,Pendle LP,ethereum,PT-reUSDe-25JUN2026,16.85,7.14
451,2026-02-06,Pendle LP,ethereum,PT-sNUSD-5MAR2026,11.44,7.14
452,2026-02-06,Pendle PT,ethereum,PT-reUSDe-25JUN2026,14.86,7.14
453,2026-02-06,Pendle PT,ethereum,PT-sNUSD-5MAR2026,13.57,7.14
454,2026-02-06,Pendle PT,ethereum,PT-srUSDe-2APR2026,7.08,7.14
455,2026-02-06,Uniswap MM,arbitrum,ETH/USDC,25.91,7.14
456,2026-02-06,Uniswap MM,mainnet,ETH/USDC,26.87,7.14
457,2026-02-06,Uniswap MM,mainnet,ETH/USDT,20.46,7.14
458,2026-02-06,Uniswap MM,mainnet,USDC/cbBTC,76.98,7.14
459,2026-02-06,Uniswap MM,arbitrum,WBTC/USDC,30.87,7.14
460,2026-02-06,Uniswap MM,mainnet,WBTC/USDC,31.94,7.14
461,2026-02-06,Uniswap MM,unichain,WBTC/USDC,22.77,7.14
462,2026-02-06,Uniswap MM,arbitrum,WBTC/USDT,128.86,7.14
463,2026-02-06,Uniswap MM,mainnet,WBTC/USDT,32.92,7.14
464,2026-02-07,Pendle LP,ethereum,PT-reUSDe-25JUN2026,16.34,6.25
465,2026-02-07,Pendle LP,ethereum,PT-sNUSD-5MAR2026,11.41,6.25
466,2026-02-07,Pendle PT,ethereum,PT-reUSDe-25JUN2026,14.86,6.25
467,2026-02-07,Pendle PT,ethereum,PT-sNUSD-5MAR2026,13.57,6.25
468,2026-02-07,Pendle PT,ethereum,PT-srUSDe-2APR2026,7.08,6.25
469,2026-02-07,Uniswap MM,arbitrum,ETH/USDC,41.83,6.25
470,2026-02-07,Uniswap MM,mainnet,ETH/USDC,37.05,6.25
471,2026-02-07,Uniswap MM,unichain,ETH/USDC,6.98,6.25
472,2026-02-07,Uniswap MM,arbitrum,ETH/USDT,6.77,6.25
473,2026-02-07,Uniswap MM,mainnet,ETH/USDT,9.9,6.25
474,2026-02-07,Uniswap MM,mainnet,USDC/cbBTC,19.09,6.25
475,2026-02-07,Uniswap MM,arbitrum,WBTC/USDC,27.85,6.25
476,2026-02-07,Uniswap MM,mainnet,WBTC/USDC,21.66,6.25
477,2026-02-07,Uniswap MM,unichain,WBTC/USDC,21.14,6.25
478,2026-02-07,Uniswap MM,arbitrum,WBTC/USDT,153.96,6.25
479,2026-02-07,Uniswap MM,mainnet,WBTC/USDT,11.62,6.25
480,2026-02-08,Pendle LP,ethereum,PT-reUSDe-25JUN2026,16.03,7.14
481,2026-02-08,Pendle LP,ethereum,PT-sNUSD-5MAR2026,11.45,7.14
482,2026-02-08,Pendle LP,arbitrum,PT-thBILL-18JUN2026,94.48,7.14
483,2026-02-08,Pendle PT,ethereum,PT-reUSDe-25JUN2026,14.86,7.14
484,2026-02-08,Pendle PT,ethereum,PT-sNUSD-5MAR2026,13.57,7.14
485,2026-02-08,Pendle PT,ethereum,PT-srUSDe-2APR2026,7.08,7.14
486,2026-02-08,Pendle PT,arbitrum,PT-thBILL-18JUN2026,8,7.14
487,2026-02-08,Uniswap MM,arbitrum,ETH/USDC,14.68,7.14
488,2026-02-08,Uniswap MM,mainnet,ETH/USDC,21.85,7.14
489,2026-02-08,Uniswap MM,mainnet,USDC/cbBTC,24.62,7.14
490,2026-02-08,Uniswap MM,arbitrum,WBTC/USDC,13.25,7.14
491,2026-02-08,Uniswap MM,mainnet,WBTC/USDC,18.85,7.14
492,2026-02-08,Uniswap MM,unichain,WBTC/USDC,10.43,7.14
493,2026-02-08,Uniswap MM,arbitrum,WBTC/USDT,76.91,7.14
494,2026-02-09,Pendle LP,ethereum,PT-reUSDe-25JUN2026,16.26,6.25
495,2026-02-09,Pendle LP,ethereum,PT-sNUSD-5MAR2026,11.42,6.25
496,2026-02-09,Pendle LP,arbitrum,PT-thBILL-18JUN2026,93.04,6.25
497,2026-02-09,Pendle PT,ethereum,PT-reUSDe-25JUN2026,14.86,6.25
498,2026-02-09,Pendle PT,ethereum,PT-sNUSD-5MAR2026,13.57,6.25
499,2026-02-09,Pendle PT,ethereum,PT-srUSDe-2APR2026,7.08,6.25
500,2026-02-09,Pendle PT,arbitrum,PT-thBILL-18JUN2026,8,6.25
501,2026-02-09,Uniswap MM,arbitrum,ETH/USDC,22.56,6.25
502,2026-02-09,Uniswap MM,mainnet,ETH/USDC,23.83,6.25
503,2026-02-09,Uniswap MM,mainnet,ETH/USDT,7.42,6.25
504,2026-02-09,Uniswap MM,mainnet,USDC/cbBTC,26.67,6.25
505,2026-02-09,Uniswap MM,arbitrum,WBTC/USDC,26.9,6.25
506,2026-02-09,Uniswap MM,mainnet,WBTC/USDC,17.44,6.25
507,2026-02-09,Uniswap MM,unichain,WBTC/USDC,11.75,6.25
508,2026-02-09,Uniswap MM,arbitrum,WBTC/USDT,121.58,6.25
509,2026-02-09,Uniswap MM,mainnet,WBTC/USDT,10.73,6.25
510,2026-02-10,Pendle LP,ethereum,PT-reUSDe-25JUN2026,15.7,6.25
511,2026-02-10,Pendle LP,ethereum,PT-sNUSD-5MAR2026,11.5,6.25
512,2026-02-10,Pendle LP,arbitrum,PT-thBILL-18JUN2026,58.58,6.25
513,2026-02-10,Pendle PT,ethereum,PT-reUSDe-25JUN2026,14.86,6.25
514,2026-02-10,Pendle PT,ethereum,PT-sNUSD-5MAR2026,13.57,6.25
515,2026-02-10,Pendle PT,ethereum,PT-srUSDe-2APR2026,7.08,6.25
516,2026-02-10,Pendle PT,arbitrum,PT-thBILL-18JUN2026,8,6.25
517,2026-02-10,Uniswap MM,arbitrum,ETH/USDC,13.35,6.25
518,2026-02-10,Uniswap MM,mainnet,ETH/USDC,9.12,6.25
519,2026-02-10,Uniswap MM,mainnet,ETH/USDT,9.22,6.25
520,2026-02-10,Uniswap MM,mainnet,USDC/cbBTC,16.29,6.25
521,2026-02-10,Uniswap MM,arbitrum,WBTC/USDC,22.07,6.25
522,2026-02-10,Uniswap MM,mainnet,WBTC/USDC,9.82,6.25
523,2026-02-10,Uniswap MM,unichain,WBTC/USDC,6.89,6.25
524,2026-02-10,Uniswap MM,arbitrum,WBTC/USDT,95.87,6.25
525,2026-02-10,Uniswap MM,mainnet,WBTC/USDT,8.58,6.25
526,2026-02-11,Pendle LP,ethereum,PT-reUSDe-25JUN2026,15.62,6.25
527,2026-02-11,Pendle LP,ethereum,PT-sNUSD-5MAR2026,11.63,6.25
528,2026-02-11,Pendle LP,arbitrum,PT-thBILL-18JUN2026,15.61,6.25
529,2026-02-11,Pendle PT,ethereum,PT-reUSDe-25JUN2026,14.86,6.25
530,2026-02-11,Pendle PT,ethereum,PT-sNUSD-5MAR2026,13.57,6.25
531,2026-02-11,Pendle PT,ethereum,PT-srUSDe-2APR2026,7.08,6.25
532,2026-02-11,Pendle PT,arbitrum,PT-thBILL-18JUN2026,8,6.25
533,2026-02-11,Uniswap MM,arbitrum,ETH/USDC,14.77,6.25
534,2026-02-11,Uniswap MM,mainnet,ETH/USDC,8.13,6.25
535,2026-02-11,Uniswap MM,mainnet,ETH/USDT,8.21,6.25
536,2026-02-11,Uniswap MM,mainnet,USDC/cbBTC,30.01,6.25
537,2026-02-11,Uniswap MM,arbitrum,WBTC/USDC,26.25,6.25
538,2026-02-11,Uniswap MM,mainnet,WBTC/USDC,20.26,6.25
539,2026-02-11,Uniswap MM,unichain,WBTC/USDC,13.25,6.25
540,2026-02-11,Uniswap MM,arbitrum,WBTC/USDT,126.13,6.25
541,2026-02-11,Uniswap MM,mainnet,WBTC/USDT,12.63,6.25
542,2026-02-12,Pendle LP,ethereum,PT-jrNUSD-28MAY2026,24.96,6.25
543,2026-02-12,Pendle LP,ethereum,PT-reUSDe-25JUN2026,14.23,6.25
544,2026-02-12,Pendle LP,ethereum,PT-sNUSD-5MAR2026,11.64,6.25
545,2026-02-12,Pendle LP,arbitrum,PT-thBILL-18JUN2026,8.29,6.25
546,2026-02-12,Pendle PT,ethereum,PT-jrNUSD-28MAY2026,11.75,6.25
547,2026-02-12,Pendle PT,ethereum,PT-reUSDe-25JUN2026,14.86,6.25
548,2026-02-12,Pendle PT,ethereum,PT-sNUSD-5MAR2026,13.57,6.25
549,2026-02-12,Pendle PT,ethereum,PT-srUSDe-2APR2026,7.08,6.25
550,2026-02-12,Pendle PT,arbitrum,PT-thBILL-18JUN2026,8,6.25
551,2026-02-12,Uniswap MM,arbitrum,ETH/USDC,11.21,6.25
552,2026-02-12,Uniswap MM,mainnet,USDC/cbBTC,15.91,6.25
553,2026-02-12,Uniswap MM,arbitrum,WBTC/USDC,19.16,6.25
554,2026-02-12,Uniswap MM,mainnet,WBTC/USDC,10.76,6.25
555,2026-02-12,Uniswap MM,unichain,WBTC/USDC,7.88,6.25
556,2026-02-12,Uniswap MM,arbitrum,WBTC/USDT,76.17,6.25
557,2026-02-12,Uniswap MM,mainnet,WBTC/USDT,6.85,6.25
558,2026-02-13,Pendle LP,ethereum,PT-jrNUSD-28MAY2026,20.46,5.56
559,2026-02-13,Pendle LP,ethereum,PT-reUSDe-25JUN2026,15.56,5.56
560,2026-02-13,Pendle LP,ethereum,PT-sNUSD-5MAR2026,11.62,5.56
561,2026-02-13,Pendle LP,arbitrum,PT-sUSDai-15OCT2026,639.02,5.56
562,2026-02-13,Pendle LP,arbitrum,PT-thBILL-18JUN2026,9.49,5.56
563,2026-02-13,Pendle PT,ethereum,PT-jrNUSD-28MAY2026,11.75,5.56
564,2026-02-13,Pendle PT,ethereum,PT-reUSDe-25JUN2026,14.86,5.56
565,2026-02-13,Pendle PT,ethereum,PT-sNUSD-5MAR2026,13.57,5.56
566,2026-02-13,Pendle PT,arbitrum,PT-sUSDai-15OCT2026,7.61,5.56
567,2026-02-13,Pendle PT,ethereum,PT-srUSDe-2APR2026,7.08,5.56
568,2026-02-13,Pendle PT,arbitrum,PT-thBILL-18JUN2026,8,5.56
569,2026-02-13,Uniswap MM,arbitrum,ETH/USDC,10.07,5.56
570,2026-02-13,Uniswap MM,mainnet,ETH/USDT,10.1,5.56
571,2026-02-13,Uniswap MM,mainnet,USDC/cbBTC,11.23,5.56
572,2026-02-13,Uniswap MM,arbitrum,WBTC/USDC,15.77,5.56
573,2026-02-13,Uniswap MM,mainnet,WBTC/USDC,6.99,5.56
574,2026-02-13,Uniswap MM,arbitrum,WBTC/USDT,76.48,5.56
575,2026-02-13,Uniswap MM,mainnet,WBTC/USDT,8.68,5.56
576,2026-02-14,Pendle LP,ethereum,PT-jrNUSD-28MAY2026,15.92,6.25
577,2026-02-14,Pendle LP,ethereum,PT-reUSDe-25JUN2026,15.79,6.25
578,2026-02-14,Pendle LP,ethereum,PT-sNUSD-5MAR2026,11.78,6.25
579,2026-02-14,Pendle LP,arbitrum,PT-sUSDai-15OCT2026,461.63,6.25
580,2026-02-14,Pendle PT,ethereum,PT-jrNUSD-28MAY2026,11.75,6.25
581,2026-02-14,Pendle PT,ethereum,PT-reUSDe-25JUN2026,14.86,6.25
582,2026-02-14,Pendle PT,ethereum,PT-sNUSD-5MAR2026,13.57,6.25
583,2026-02-14,Pendle PT,arbitrum,PT-sUSDai-15OCT2026,7.61,6.25
584,2026-02-14,Pendle PT,ethereum,PT-srUSDe-2APR2026,7.08,6.25
585,2026-02-14,Pendle PT,arbitrum,PT-thBILL-18JUN2026,8,6.25
586,2026-02-14,Uniswap MM,arbitrum,ETH/USDC,7.25,6.25
587,2026-02-14,Uniswap MM,mainnet,ETH/USDT,7.51,6.25
588,2026-02-14,Uniswap MM,mainnet,USDC/cbBTC,9.65,6.25
589,2026-02-14,Uniswap MM,arbitrum,WBTC/USDC,7.88,6.25
590,2026-02-14,Uniswap MM,arbitrum,WBTC/USDT,38.44,6.25
591,2026-02-14,Uniswap MM,mainnet,WBTC/USDT,8.31,6.25
592,2026-02-15,Pendle LP,arbitrum,PT-USDai-18JUN2026,96.49,5.26
593,2026-02-15,Pendle LP,ethereum,PT-jrNUSD-28MAY2026,15.52,5.26
594,2026-02-15,Pendle LP,ethereum,PT-reUSDe-25JUN2026,15.65,5.26
595,2026-02-15,Pendle LP,ethereum,PT-sNUSD-5MAR2026,11.74,5.26
596,2026-02-15,Pendle LP,arbitrum,PT-sUSDai-15OCT2026,442.84,5.26
597,2026-02-15,Pendle PT,ethereum,PT-jrNUSD-28MAY2026,11.75,5.26
598,2026-02-15,Pendle PT,ethereum,PT-reUSDe-25JUN2026,14.86,5.26
599,2026-02-15,Pendle PT,ethereum,PT-sNUSD-5MAR2026,13.57,5.26
600,2026-02-15,Pendle PT,arbitrum,PT-sUSDai-15OCT2026,7.61,5.26
601,2026-02-15,Pendle PT,ethereum,PT-srUSDe-2APR2026,7.08,5.26
602,2026-02-15,Pendle PT,arbitrum,PT-thBILL-18JUN2026,8,5.26
603,2026-02-15,Uniswap MM,arbitrum,ETH/USDC,11.57,5.26
604,2026-02-15,Uniswap MM,mainnet,ETH/USDC,7.76,5.26
605,2026-02-15,Uniswap MM,mainnet,ETH/USDT,13.21,5.26
606,2026-02-15,Uniswap MM,mainnet,USDC/cbBTC,11.86,5.26
607,2026-02-15,Uniswap MM,arbitrum,WBTC/USDC,12.91,5.26
608,2026-02-15,Uniswap MM,mainnet,WBTC/USDC,7.47,5.26
609,2026-02-15,Uniswap MM,arbitrum,WBTC/USDT,67.66,5.26
610,2026-02-15,Uniswap MM,mainnet,WBTC/USDT,12.01,5.26
611,2026-02-16,Pendle LP,arbitrum,PT-USDai-18JUN2026,95.34,5.88
612,2026-02-16,Pendle LP,ethereum,PT-jrNUSD-28MAY2026,15.34,5.88
613,2026-02-16,Pendle LP,ethereum,PT-reUSDe-25JUN2026,15.46,5.88
614,2026-02-16,Pendle LP,ethereum,PT-sNUSD-5MAR2026,11.49,5.88
615,2026-02-16,Pendle LP,arbitrum,PT-sUSDai-15OCT2026,336.23,5.88
616,2026-02-16,Pendle PT,ethereum,PT-jrNUSD-28MAY2026,11.75,5.88
617,2026-02-16,Pendle PT,ethereum,PT-reUSDe-25JUN2026,14.86,5.88
618,2026-02-16,Pendle PT,ethereum,PT-sNUSD-5MAR2026,13.57,5.88
619,2026-02-16,Pendle PT,arbitrum,PT-sUSDai-15OCT2026,7.61,5.88
620,2026-02-16,Pendle PT,ethereum,PT-srUSDe-2APR2026,7.08,5.88
621,2026-02-16,Pendle PT,arbitrum,PT-thBILL-18JUN2026,8,5.88
622,2026-02-16,Uniswap MM,arbitrum,ETH/USDC,8.34,5.88
623,2026-02-16,Uniswap MM,mainnet,USDC/cbBTC,13.82,5.88
624,2026-02-16,Uniswap MM,arbitrum,WBTC/USDC,13.78,5.88
625,2026-02-16,Uniswap MM,mainnet,WBTC/USDC,30.24,5.88
626,2026-02-16,Uniswap MM,arbitrum,WBTC/USDT,69.37,5.88
627,2026-02-16,Uniswap MM,mainnet,WBTC/USDT,14.11,5.88
628,2026-02-17,Pendle LP,arbitrum,PT-USDai-18JUN2026,45.47,5.56
629,2026-02-17,Pendle LP,ethereum,PT-jrNUSD-28MAY2026,14.65,5.56
630,2026-02-17,Pendle LP,ethereum,PT-reUSDe-25JUN2026,15.38,5.56
631,2026-02-17,Pendle LP,ethereum,PT-sNUSD-5MAR2026,11.41,5.56
632,2026-02-17,Pendle LP,arbitrum,PT-sUSDai-15OCT2026,106.09,5.56
633,2026-02-17,Pendle PT,ethereum,PT-jrNUSD-28MAY2026,11.75,5.56
634,2026-02-17,Pendle PT,ethereum,PT-reUSDe-25JUN2026,14.86,5.56
635,2026-02-17,Pendle PT,ethereum,PT-sNUSD-5MAR2026,13.57,5.56
636,2026-02-17,Pendle PT,arbitrum,PT-sUSDai-15OCT2026,7.61,5.56
637,2026-02-17,Pendle PT,ethereum,PT-srUSDe-2APR2026,7.08,5.56
638,2026-02-17,Pendle PT,arbitrum,PT-thBILL-18JUN2026,8,5.56
639,2026-02-17,Uniswap MM,arbitrum,ETH/USDC,8.65,5.56
640,2026-02-17,Uniswap MM,mainnet,ETH/USDC,6.62,5.56
641,2026-02-17,Uniswap MM,mainnet,USDC/cbBTC,9.88,5.56
642,2026-02-17,Uniswap MM,arbitrum,WBTC/USDC,15.9,5.56
643,2026-02-17,Uniswap MM,mainnet,WBTC/USDC,10.9,5.56
644,2026-02-17,Uniswap MM,arbitrum,WBTC/USDT,76.82,5.56
645,2026-02-17,Uniswap MM,mainnet,WBTC/USDT,8.83,5.56
646,2026-02-18,Pendle LP,arbitrum,PT-USDai-18JUN2026,44.38,5.88
647,2026-02-18,Pendle LP,ethereum,PT-jrNUSD-28MAY2026,13.76,5.88
648,2026-02-18,Pendle LP,ethereum,PT-reUSDe-25JUN2026,15.34,5.88
649,2026-02-18,Pendle LP,ethereum,PT-sNUSD-5MAR2026,11.27,5.88
650,2026-02-18,Pendle LP,arbitrum,PT-sUSDai-15OCT2026,100.87,5.88
651,2026-02-18,Pendle PT,ethereum,PT-jrNUSD-28MAY2026,11.75,5.88
652,2026-02-18,Pendle PT,ethereum,PT-reUSDe-25JUN2026,14.86,5.88
653,2026-02-18,Pendle PT,ethereum,PT-sNUSD-5MAR2026,13.57,5.88
654,2026-02-18,Pendle PT,arbitrum,PT-sUSDai-15OCT2026,7.61,5.88
655,2026-02-18,Pendle PT,ethereum,PT-srUSDe-2APR2026,7.08,5.88
656,2026-02-18,Pendle PT,arbitrum,PT-thBILL-18JUN2026,8,5.88
657,2026-02-18,Uniswap MM,arbitrum,ETH/USDC,9.07,5.88
658,2026-02-18,Uniswap MM,mainnet,ETH/USDC,6.65,5.88
659,2026-02-18,Uniswap MM,mainnet,USDC/cbBTC,11.69,5.88
660,2026-02-18,Uniswap MM,arbitrum,WBTC/USDC,12.48,5.88
661,2026-02-18,Uniswap MM,mainnet,WBTC/USDC,10.37,5.88
662,2026-02-18,Uniswap MM,arbitrum,WBTC/USDT,59.56,5.88
663,2026-02-19,Pendle LP,arbitrum,PT-USDai-18JUN2026,23.53,6.25
664,2026-02-19,Pendle LP,ethereum,PT-jrNUSD-28MAY2026,13.11,6.25
665,2026-02-19,Pendle LP,ethereum,PT-reUSDe-25JUN2026,16.48,6.25
666,2026-02-19,Pendle LP,ethereum,PT-sNUSD-5MAR2026,11.34,6.25
667,2026-02-19,Pendle LP,arbitrum,PT-sUSDai-15OCT2026,24.46,6.25
668,2026-02-19,Pendle PT,ethereum,PT-jrNUSD-28MAY2026,11.75,6.25
669,2026-02-19,Pendle PT,ethereum,PT-reUSDe-25JUN2026,14.86,6.25
670,2026-02-19,Pendle PT,ethereum,PT-sNUSD-5MAR2026,13.57,6.25
671,2026-02-19,Pendle PT,arbitrum,PT-sUSDai-15OCT2026,7.61,6.25
672,2026-02-19,Pendle PT,ethereum,PT-srUSDe-2APR2026,7.08,6.25
673,2026-02-19,Pendle PT,arbitrum,PT-thBILL-18JUN2026,8,6.25
674,2026-02-19,Uniswap MM,arbitrum,ETH/USDC,10.16,6.25
675,2026-02-19,Uniswap MM,mainnet,USDC/cbBTC,9.82,6.25
676,2026-02-19,Uniswap MM,arbitrum,WBTC/USDC,11.58,6.25
677,2026-02-19,Uniswap MM,mainnet,WBTC/USDC,8.2,6.25
678,2026-02-19,Uniswap MM,arbitrum,WBTC/USDT,51.61,6.25
679,2026-02-20,Pendle LP,arbitrum,PT-USDai-18JUN2026,9.14,5.88
680,2026-02-20,Pendle LP,ethereum,PT-jrNUSD-28MAY2026,13.03,5.88
681,2026-02-20,Pendle LP,ethereum,PT-reUSDe-25JUN2026,15.11,5.88
682,2026-02-20,Pendle LP,ethereum,PT-sNUSD-5MAR2026,11.21,5.88
683,2026-02-20,Pendle LP,arbitrum,PT-sUSDai-15OCT2026,19.76,5.88
684,2026-02-20,Pendle PT,ethereum,PT-jrNUSD-28MAY2026,11.75,5.88
685,2026-02-20,Pendle PT,ethereum,PT-reUSDe-25JUN2026,14.86,5.88
686,2026-02-20,Pendle PT,ethereum,PT-sNUSD-5MAR2026,13.57,5.88
687,2026-02-20,Pendle PT,arbitrum,PT-sUSDai-15OCT2026,7.61,5.88
688,2026-02-20,Pendle PT,ethereum,PT-srUSDe-2APR2026,7.08,5.88
689,2026-02-20,Pendle PT,arbitrum,PT-thBILL-18JUN2026,8,5.88
690,2026-02-20,Uniswap MM,arbitrum,ETH/USDC,12.08,5.88
691,2026-02-20,Uniswap MM,mainnet,USDC/cbBTC,14.78,5.88
692,2026-02-20,Uniswap MM,arbitrum,WBTC/USDC,16.18,5.88
693,2026-02-20,Uniswap MM,mainnet,WBTC/USDC,18.34,5.88
694,2026-02-20,Uniswap MM,arbitrum,WBTC/USDT,73.03,5.88
695,2026-02-20,Uniswap MM,mainnet,WBTC/USDT,6.82,5.88
696,2026-02-21,Pendle LP,arbitrum,PT-USDai-18JUN2026,9.15,7.69
697,2026-02-21,Pendle LP,ethereum,PT-jrNUSD-28MAY2026,13.04,7.69
698,2026-02-21,Pendle LP,ethereum,PT-reUSDe-25JUN2026,15.1,7.69
699,2026-02-21,Pendle LP,ethereum,PT-sNUSD-5MAR2026,10.75,7.69
700,2026-02-21,Pendle LP,arbitrum,PT-sUSDai-15OCT2026,15.58,7.69
701,2026-02-21,Pendle PT,ethereum,PT-jrNUSD-28MAY2026,11.75,7.69
702,2026-02-21,Pendle PT,ethereum,PT-reUSDe-25JUN2026,14.86,7.69
703,2026-02-21,Pendle PT,ethereum,PT-sNUSD-5MAR2026,13.57,7.69
704,2026-02-21,Pendle PT,arbitrum,PT-sUSDai-15OCT2026,7.61,7.69
705,2026-02-21,Pendle PT,ethereum,PT-srUSDe-2APR2026,7.08,7.69
706,2026-02-21,Pendle PT,arbitrum,PT-thBILL-18JUN2026,8,7.69
707,2026-02-21,Uniswap MM,mainnet,WBTC/USDC,11.63,7.69
708,2026-02-21,Uniswap MM,arbitrum,WBTC/USDT,16.3,7.69
709,2026-02-22,Pendle LP,arbitrum,PT-USDai-18JUN2026,8.33,8.33
710,2026-02-22,Pendle LP,ethereum,PT-jrNUSD-28MAY2026,12.97,8.33
711,2026-02-22,Pendle LP,ethereum,PT-reUSDe-25JUN2026,15.06,8.33
712,2026-02-22,Pendle LP,ethereum,PT-sNUSD-5MAR2026,10.64,8.33
713,2026-02-22,Pendle LP,arbitrum,PT-sUSDai-15OCT2026,13.88,8.33
714,2026-02-22,Pendle PT,ethereum,PT-jrNUSD-28MAY2026,11.75,8.33
715,2026-02-22,Pendle PT,ethereum,PT-reUSDe-25JUN2026,14.86,8.33
716,2026-02-22,Pendle PT,ethereum,PT-sNUSD-5MAR2026,13.57,8.33
717,2026-02-22,Pendle PT,arbitrum,PT-sUSDai-15OCT2026,7.61,8.33
718,2026-02-22,Pendle PT,ethereum,PT-srUSDe-2APR2026,7.08,8.33
719,2026-02-22,Pendle PT,arbitrum,PT-thBILL-18JUN2026,8,8.33
720,2026-02-22,Uniswap MM,arbitrum,WBTC/USDT,14.88,8.33
721,2026-02-23,Pendle LP,arbitrum,PT-USDai-18JUN2026,9.32,5.26
722,2026-02-23,Pendle LP,ethereum,PT-jrNUSD-28MAY2026,12.81,5.26
723,2026-02-23,Pendle LP,ethereum,PT-reUSDe-25JUN2026,15.04,5.26
724,2026-02-23,Pendle LP,ethereum,PT-sNUSD-5MAR2026,10.46,5.26
725,2026-02-23,Pendle LP,arbitrum,PT-sUSDai-15OCT2026,13.8,5.26
726,2026-02-23,Pendle PT,ethereum,PT-jrNUSD-28MAY2026,11.75,5.26
727,2026-02-23,Pendle PT,ethereum,PT-reUSDe-25JUN2026,14.86,5.26
728,2026-02-23,Pendle PT,ethereum,PT-sNUSD-5MAR2026,13.57,5.26
729,2026-02-23,Pendle PT,arbitrum,PT-sUSDai-15OCT2026,7.61,5.26
730,2026-02-23,Pendle PT,ethereum,PT-srUSDe-2APR2026,7.08,5.26
731,2026-02-23,Pendle PT,arbitrum,PT-thBILL-18JUN2026,8,5.26
732,2026-02-23,Uniswap MM,arbitrum,ETH/USDC,7.88,5.26
733,2026-02-23,Uniswap MM,mainnet,ETH/USDC,7.54,5.26
734,2026-02-23,Uniswap MM,mainnet,USDC/cbBTC,41.45,5.26
735,2026-02-23,Uniswap MM,arbitrum,WBTC/USDC,17.31,5.26
736,2026-02-23,Uniswap MM,mainnet,WBTC/USDC,16.69,5.26
737,2026-02-23,Uniswap MM,unichain,WBTC/USDC,7.81,5.26
738,2026-02-23,Uniswap MM,arbitrum,WBTC/USDT,31.59,5.26
739,2026-02-23,Uniswap MM,mainnet,WBTC/USDT,8.06,5.26
740,2026-02-24,Pendle LP,arbitrum,PT-USDai-18JUN2026,9.22,5.88
741,2026-02-24,Pendle LP,ethereum,PT-jrNUSD-28MAY2026,12.45,5.88
742,2026-02-24,Pendle LP,ethereum,PT-reUSDe-25JUN2026,15.07,5.88
743,2026-02-24,Pendle LP,ethereum,PT-sNUSD-5MAR2026,10.29,5.88
744,2026-02-24,Pendle LP,arbitrum,PT-sUSDai-15OCT2026,11.95,5.88
745,2026-02-24,Pendle PT,ethereum,PT-jrNUSD-28MAY2026,11.75,5.88
746,2026-02-24,Pendle PT,ethereum,PT-reUSDe-25JUN2026,14.86,5.88
747,2026-02-24,Pendle PT,ethereum,PT-sNUSD-5MAR2026,13.57,5.88
748,2026-02-24,Pendle PT,arbitrum,PT-sUSDai-15OCT2026,7.61,5.88
749,2026-02-24,Pendle PT,ethereum,PT-srUSDe-2APR2026,7.08,5.88
750,2026-02-24,Pendle PT,arbitrum,PT-thBILL-18JUN2026,8,5.88
751,2026-02-24,Uniswap MM,arbitrum,ETH/USDC,6.94,5.88
752,2026-02-24,Uniswap MM,mainnet,USDC/cbBTC,42.99,5.88
753,2026-02-24,Uniswap MM,arbitrum,WBTC/USDC,17.01,5.88
754,2026-02-24,Uniswap MM,mainnet,WBTC/USDC,10.74,5.88
755,2026-02-24,Uniswap MM,arbitrum,WBTC/USDT,15.91,5.88
756,2026-02-24,Uniswap MM,mainnet,WBTC/USDT,7.03,5.88
757,2026-02-25,Pendle LP,arbitrum,PT-USDai-18JUN2026,9.87,4.76
758,2026-02-25,Pendle LP,ethereum,PT-jrNUSD-28MAY2026,13.36,4.76
759,2026-02-25,Pendle LP,ethereum,PT-reUSDe-25JUN2026,15.25,4.76
760,2026-02-25,Pendle LP,ethereum,PT-sNUSD-5MAR2026,10.01,4.76
761,2026-02-25,Pendle LP,arbitrum,PT-sUSDai-15OCT2026,12.19,4.76
762,2026-02-25,Pendle PT,ethereum,PT-jrNUSD-28MAY2026,11.75,4.76
763,2026-02-25,Pendle PT,ethereum,PT-reUSDe-25JUN2026,14.86,4.76
764,2026-02-25,Pendle PT,ethereum,PT-sNUSD-5MAR2026,13.57,4.76
765,2026-02-25,Pendle PT,arbitrum,PT-sUSDai-15OCT2026,7.61,4.76
766,2026-02-25,Pendle PT,ethereum,PT-srUSDe-2APR2026,7.08,4.76
767,2026-02-25,Pendle PT,arbitrum,PT-thBILL-18JUN2026,8,4.76
768,2026-02-25,Uniswap MM,arbitrum,ETH/USDC,19.39,4.76
769,2026-02-25,Uniswap MM,mainnet,ETH/USDC,13.03,4.76
770,2026-02-25,Uniswap MM,arbitrum,ETH/USDT,15.15,4.76
771,2026-02-25,Uniswap MM,mainnet,ETH/USDT,9.2,4.76
772,2026-02-25,Uniswap MM,mainnet,USDC/cbBTC,26.17,4.76
773,2026-02-25,Uniswap MM,arbitrum,WBTC/USDC,35.31,4.76
774,2026-02-25,Uniswap MM,mainnet,WBTC/USDC,59.29,4.76
775,2026-02-25,Uniswap MM,unichain,WBTC/USDC,11.3,4.76
776,2026-02-25,Uniswap MM,arbitrum,WBTC/USDT,28.23,4.76
777,2026-02-25,Uniswap MM,mainnet,WBTC/USDT,9.65,4.76
778,2026-02-26,Pendle LP,ethereum,PT-jrNUSD-28MAY2026,12.57,5.56
779,2026-02-26,Pendle LP,ethereum,PT-reUSDe-25JUN2026,15.21,5.56
780,2026-02-26,Pendle LP,ethereum,PT-sNUSD-5MAR2026,9.68,5.56
781,2026-02-26,Pendle LP,arbitrum,PT-sUSDai-15OCT2026,11.57,5.56
782,2026-02-26,Pendle PT,ethereum,PT-jrNUSD-28MAY2026,11.75,5.56
783,2026-02-26,Pendle PT,ethereum,PT-reUSDe-25JUN2026,14.86,5.56
784,2026-02-26,Pendle PT,ethereum,PT-sNUSD-5MAR2026,13.57,5.56
785,2026-02-26,Pendle PT,arbitrum,PT-sUSDai-15OCT2026,7.61,5.56
786,2026-02-26,Pendle PT,ethereum,PT-srUSDe-2APR2026,7.08,5.56
787,2026-02-26,Pendle PT,arbitrum,PT-thBILL-18JUN2026,8,5.56
788,2026-02-26,Uniswap MM,arbitrum,ETH/USDC,13.12,5.56
789,2026-02-26,Uniswap MM,mainnet,ETH/USDC,7.91,5.56
790,2026-02-26,Uniswap MM,arbitrum,ETH/USDT,10.6,5.56
791,2026-02-26,Uniswap MM,mainnet,ETH/USDT,9.9,5.56
792,2026-02-26,Uniswap MM,mainnet,USDC/cbBTC,13.23,5.56
793,2026-02-26,Uniswap MM,arbitrum,WBTC/USDC,26.1,5.56
794,2026-02-26,Uniswap MM,mainnet,WBTC/USDC,41.24,5.56
795,2026-02-26,Uniswap MM,arbitrum,WBTC/USDT,20.22,5.56
796,2026-02-27,Pendle LP,ethereum,PT-jrNUSD-28MAY2026,12.33,5.26
797,2026-02-27,Pendle LP,ethereum,PT-reUSDe-25JUN2026,15.11,5.26
798,2026-02-27,Pendle LP,ethereum,PT-sNUSD-5MAR2026,9.49,5.26
799,2026-02-27,Pendle LP,arbitrum,PT-sUSDai-15OCT2026,12.64,5.26
800,2026-02-27,Pendle PT,ethereum,PT-jrNUSD-28MAY2026,11.75,5.26
801,2026-02-27,Pendle PT,ethereum,PT-reUSDe-25JUN2026,14.86,5.26
802,2026-02-27,Pendle PT,ethereum,PT-sNUSD-5MAR2026,13.57,5.26
803,2026-02-27,Pendle PT,arbitrum,PT-sUSDai-15OCT2026,7.61,5.26
804,2026-02-27,Pendle PT,ethereum,PT-srUSDe-2APR2026,7.08,5.26
805,2026-02-27,Pendle PT,arbitrum,PT-thBILL-18JUN2026,8,5.26
806,2026-02-27,Uniswap MM,arbitrum,ETH/USDC,13.84,5.26
807,2026-02-27,Uniswap MM,mainnet,ETH/USDC,7.38,5.26
808,2026-02-27,Uniswap MM,arbitrum,ETH/USDT,9.3,5.26
809,2026-02-27,Uniswap MM,mainnet,ETH/USDT,8.25,5.26
810,2026-02-27,Uniswap MM,mainnet,USDC/cbBTC,14.77,5.26
811,2026-02-27,Uniswap MM,arbitrum,WBTC/USDC,23.83,5.26
812,2026-02-27,Uniswap MM,mainnet,WBTC/USDC,29.08,5.26
813,2026-02-27,Uniswap MM,unichain,WBTC/USDC,7.02,5.26
814,2026-02-27,Uniswap MM,arbitrum,WBTC/USDT,18.24,5.26
815,2026-02-28,Pendle LP,arbitrum,PT-USDai-18JUN2026,6.59,4.76
816,2026-02-28,Pendle LP,ethereum,PT-jrNUSD-28MAY2026,14.15,4.76
817,2026-02-28,Pendle LP,ethereum,PT-reUSDe-25JUN2026,15.16,4.76
818,2026-02-28,Pendle LP,ethereum,PT-sNUSD-5MAR2026,9.25,4.76
819,2026-02-28,Pendle LP,arbitrum,PT-sUSDai-15OCT2026,12.77,4.76
820,2026-02-28,Pendle PT,ethereum,PT-jrNUSD-28MAY2026,11.75,4.76
821,2026-02-28,Pendle PT,ethereum,PT-reUSDe-25JUN2026,14.86,4.76
822,2026-02-28,Pendle PT,ethereum,PT-sNUSD-5MAR2026,13.57,4.76
823,2026-02-28,Pendle PT,arbitrum,PT-sUSDai-15OCT2026,7.61,4.76
824,2026-02-28,Pendle PT,ethereum,PT-srUSDe-2APR2026,7.08,4.76
825,2026-02-28,Pendle PT,arbitrum,PT-thBILL-18JUN2026,8,4.76
826,2026-02-28,Uniswap MM,arbitrum,ETH/USDC,33.8,4.76
827,2026-02-28,Uniswap MM,mainnet,ETH/USDC,16.86,4.76
828,2026-02-28,Uniswap MM,arbitrum,ETH/USDT,13.23,4.76
829,2026-02-28,Uniswap MM,mainnet,ETH/USDT,9.5,4.76
830,2026-02-28,Uniswap MM,mainnet,USDC/cbBTC,34.57,4.76
831,2026-02-28,Uniswap MM,arbitrum,WBTC/USDC,29.33,4.76
832,2026-02-28,Uniswap MM,mainnet,WBTC/USDC,31.14,4.76
833,2026-02-28,Uniswap MM,unichain,WBTC/USDC,7.7,4.76
834,2026-02-28,Uniswap MM,arbitrum,WBTC/USDT,21.58,4.76
835,2026-02-28,Uniswap MM,mainnet,WBTC/USDT,11.08,4.76
836,2026-03-01,Pendle LP,ethereum,PT-jrNUSD-28MAY2026,13.9,5
837,2026-03-01,Pendle LP,ethereum,PT-reUSDe-25JUN2026,15.1,5
838,2026-03-01,Pendle LP,ethereum,PT-sNUSD-5MAR2026,8.91,5
839,2026-03-01,Pendle LP,arbitrum,PT-sUSDai-15OCT2026,12.47,5
840,2026-03-01,Pendle PT,ethereum,PT-jrNUSD-28MAY2026,11.75,5
841,2026-03-01,Pendle PT,ethereum,PT-reUSDe-25JUN2026,14.86,5
842,2026-03-01,Pendle PT,ethereum,PT-sNUSD-5MAR2026,13.57,5
843,2026-03-01,Pendle PT,arbitrum,PT-sUSDai-15OCT2026,7.61,5
844,2026-03-01,Pendle PT,ethereum,PT-srUSDe-2APR2026,7.08,5
845,2026-03-01,Pendle PT,arbitrum,PT-thBILL-18JUN2026,8,5
846,2026-03-01,Uniswap MM,arbitrum,ETH/USDC,39.95,5
847,2026-03-01,Uniswap MM,mainnet,ETH/USDC,47.23,5
848,2026-03-01,Uniswap MM,arbitrum,ETH/USDT,15.66,5
849,2026-03-01,Uniswap MM,mainnet,ETH/USDT,10.81,5
850,2026-03-01,Uniswap MM,mainnet,USDC/cbBTC,15.07,5
851,2026-03-01,Uniswap MM,arbitrum,WBTC/USDC,33.85,5
852,2026-03-01,Uniswap MM,mainnet,WBTC/USDC,35.12,5
853,2026-03-01,Uniswap MM,unichain,WBTC/USDC,9.02,5
854,2026-03-01,Uniswap MM,arbitrum,WBTC/USDT,26.52,5
855,2026-03-01,Uniswap MM,mainnet,WBTC/USDT,8.64,5
856,2026-03-02,Pendle LP,ethereum,PT-jrNUSD-28MAY2026,13.82,5
857,2026-03-02,Pendle LP,ethereum,PT-reUSDe-25JUN2026,15.21,5
858,2026-03-02,Pendle LP,ethereum,PT-sNUSD-5MAR2026,8.88,5
859,2026-03-02,Pendle LP,arbitrum,PT-sUSDai-15OCT2026,13.1,5
860,2026-03-02,Pendle PT,ethereum,PT-jrNUSD-28MAY2026,11.75,5
861,2026-03-02,Pendle PT,ethereum,PT-reUSDe-25JUN2026,14.86,5
862,2026-03-02,Pendle PT,ethereum,PT-sNUSD-5MAR2026,13.57,5
863,2026-03-02,Pendle PT,arbitrum,PT-sUSDai-15OCT2026,7.61,5
864,2026-03-02,Pendle PT,ethereum,PT-srUSDe-2APR2026,7.08,5
865,2026-03-02,Pendle PT,arbitrum,PT-thBILL-18JUN2026,8,5
866,2026-03-02,Uniswap MM,arbitrum,ETH/USDC,42.31,5
867,2026-03-02,Uniswap MM,mainnet,ETH/USDC,42.93,5
868,2026-03-02,Uniswap MM,arbitrum,ETH/USDT,16.48,5
869,2026-03-02,Uniswap MM,mainnet,ETH/USDT,10.77,5
870,2026-03-02,Uniswap MM,mainnet,USDC/cbBTC,27.01,5
871,2026-03-02,Uniswap MM,arbitrum,WBTC/USDC,40.16,5
872,2026-03-02,Uniswap MM,mainnet,WBTC/USDC,87.61,5
873,2026-03-02,Uniswap MM,unichain,WBTC/USDC,9.8,5
874,2026-03-02,Uniswap MM,arbitrum,WBTC/USDT,29.42,5
875,2026-03-02,Uniswap MM,mainnet,WBTC/USDT,10.87,5
876,2026-03-03,Pendle LP,ethereum,PT-jrNUSD-28MAY2026,13.44,4.76
877,2026-03-03,Pendle LP,ethereum,PT-reUSDe-25JUN2026,15.09,4.76
878,2026-03-03,Pendle LP,ethereum,PT-sNUSD-5MAR2026,8.73,4.76
879,2026-03-03,Pendle LP,arbitrum,PT-sUSDai-15OCT2026,14.47,4.76
880,2026-03-03,Pendle LP,arbitrum,PT-thBILL-18JUN2026,7.27,4.76
881,2026-03-03,Pendle PT,ethereum,PT-jrNUSD-28MAY2026,11.75,4.76
882,2026-03-03,Pendle PT,ethereum,PT-reUSDe-25JUN2026,14.86,4.76
883,2026-03-03,Pendle PT,ethereum,PT-sNUSD-5MAR2026,13.57,4.76
884,2026-03-03,Pendle PT,arbitrum,PT-sUSDai-15OCT2026,7.61,4.76
885,2026-03-03,Pendle PT,ethereum,PT-srUSDe-2APR2026,7.08,4.76
886,2026-03-03,Pendle PT,arbitrum,PT-thBILL-18JUN2026,8,4.76
887,2026-03-03,Uniswap MM,arbitrum,ETH/USDC,36.54,4.76
888,2026-03-03,Uniswap MM,mainnet,ETH/USDC,25.57,4.76
889,2026-03-03,Uniswap MM,arbitrum,ETH/USDT,15.75,4.76
890,2026-03-03,Uniswap MM,mainnet,ETH/USDT,10.1,4.76
891,2026-03-03,Uniswap MM,mainnet,USDC/cbBTC,24.5,4.76
892,2026-03-03,Uniswap MM,arbitrum,WBTC/USDC,42.42,4.76
893,2026-03-03,Uniswap MM,mainnet,WBTC/USDC,79.06,4.76
894,2026-03-03,Uniswap MM,unichain,WBTC/USDC,11.12,4.76
895,2026-03-03,Uniswap MM,arbitrum,WBTC/USDT,31.11,4.76
896,2026-03-03,Uniswap MM,mainnet,WBTC/USDT,10.61,4.76
897,2026-03-04,Pendle LP,arbitrum,PT-USDai-18JUN2026,11.28,4.55
898,2026-03-04,Pendle LP,ethereum,PT-jrNUSD-28MAY2026,12.86,4.55
899,2026-03-04,Pendle LP,ethereum,PT-reUSDe-25JUN2026,15.05,4.55
900,2026-03-04,Pendle LP,ethereum,PT-sNUSD-5MAR2026,9.92,4.55
901,2026-03-04,Pendle LP,arbitrum,PT-sUSDai-15OCT2026,14.83,4.55
902,2026-03-04,Pendle LP,arbitrum,PT-thBILL-18JUN2026,7.44,4.55
903,2026-03-04,Pendle PT,ethereum,PT-jrNUSD-28MAY2026,11.75,4.55
904,2026-03-04,Pendle PT,ethereum,PT-reUSDe-25JUN2026,14.86,4.55
905,2026-03-04,Pendle PT,ethereum,PT-sNUSD-5MAR2026,13.57,4.55
906,2026-03-04,Pendle PT,arbitrum,PT-sUSDai-15OCT2026,7.61,4.55
907,2026-03-04,Pendle PT,ethereum,PT-srUSDe-2APR2026,7.08,4.55
908,2026-03-04,Pendle PT,arbitrum,PT-thBILL-18JUN2026,8,4.55
909,2026-03-04,Uniswap MM,arbitrum,ETH/USDC,47.09,4.55
910,2026-03-04,Uniswap MM,mainnet,ETH/USDC,37.27,4.55
911,2026-03-04,Uniswap MM,arbitrum,ETH/USDT,17.74,4.55
912,2026-03-04,Uniswap MM,mainnet,ETH/USDT,15.4,4.55
913,2026-03-04,Uniswap MM,mainnet,USDC/cbBTC,63.38,4.55
914,2026-03-04,Uniswap MM,arbitrum,WBTC/USDC,38.61,4.55
915,2026-03-04,Uniswap MM,mainnet,WBTC/USDC,66.85,4.55
916,2026-03-04,Uniswap MM,unichain,WBTC/USDC,11.74,4.55
917,2026-03-04,Uniswap MM,arbitrum,WBTC/USDT,42.63,4.55
918,2026-03-04,Uniswap MM,mainnet,WBTC/USDT,14.68,4.55
919,2026-03-05,Pendle LP,arbitrum,PT-USDai-18JUN2026,10.99,5
920,2026-03-05,Pendle LP,ethereum,PT-jrNUSD-28MAY2026,12.35,5
921,2026-03-05,Pendle LP,ethereum,PT-reUSDe-25JUN2026,15.01,5
922,2026-03-05,Pendle LP,arbitrum,PT-sUSDai-15OCT2026,14.18,5
923,2026-03-05,Pendle LP,arbitrum,PT-thBILL-18JUN2026,7.6,5
924,2026-03-05,Pendle PT,ethereum,PT-jrNUSD-28MAY2026,11.75,5
925,2026-03-05,Pendle PT,ethereum,PT-reUSDe-25JUN2026,14.86,5
926,2026-03-05,Pendle PT,ethereum,PT-sNUSD-5MAR2026,13.57,5
927,2026-03-05,Pendle PT,arbitrum,PT-sUSDai-15OCT2026,7.61,5
928,2026-03-05,Pendle PT,ethereum,PT-srUSDe-2APR2026,7.08,5
929,2026-03-05,Pendle PT,arbitrum,PT-thBILL-18JUN2026,8,5
930,2026-03-05,Uniswap MM,arbitrum,ETH/USDC,42.71,5
931,2026-03-05,Uniswap MM,mainnet,ETH/USDC,24.73,5
932,2026-03-05,Uniswap MM,arbitrum,ETH/USDT,13.26,5
933,2026-03-05,Uniswap MM,mainnet,ETH/USDT,9.05,5
934,2026-03-05,Uniswap MM,mainnet,USDC/cbBTC,35.86,5
935,2026-03-05,Uniswap MM,arbitrum,WBTC/USDC,29.84,5
936,2026-03-05,Uniswap MM,mainnet,WBTC/USDC,18.45,5
937,2026-03-05,Uniswap MM,unichain,WBTC/USDC,7.38,5
938,2026-03-05,Uniswap MM,arbitrum,WBTC/USDT,34.07,5
939,2026-03-06,Pendle LP,arbitrum,PT-USDai-18JUN2026,10.35,5.56
940,2026-03-06,Pendle LP,ethereum,PT-jrNUSD-28MAY2026,12.47,5.56
941,2026-03-06,Pendle LP,ethereum,PT-reUSDe-25JUN2026,14.93,5.56
942,2026-03-06,Pendle LP,arbitrum,PT-sUSDai-15OCT2026,12.56,5.56
943,2026-03-06,Pendle LP,arbitrum,PT-thBILL-18JUN2026,7.39,5.56
944,2026-03-06,Pendle PT,ethereum,PT-jrNUSD-28MAY2026,11.75,5.56
945,2026-03-06,Pendle PT,ethereum,PT-reUSDe-25JUN2026,14.86,5.56
946,2026-03-06,Pendle PT,arbitrum,PT-sUSDai-15OCT2026,7.61,5.56
947,2026-03-06,Pendle PT,ethereum,PT-srUSDe-2APR2026,7.08,5.56
948,2026-03-06,Pendle PT,arbitrum,PT-thBILL-18JUN2026,8,5.56
949,2026-03-06,Uniswap MM,arbitrum,ETH/USDC,25.9,5.56
950,2026-03-06,Uniswap MM,mainnet,ETH/USDC,16.96,5.56
951,2026-03-06,Uniswap MM,arbitrum,ETH/USDT,10.68,5.56
952,2026-03-06,Uniswap MM,mainnet,ETH/USDT,8.12,5.56
953,2026-03-06,Uniswap MM,mainnet,USDC/cbBTC,17.08,5.56
954,2026-03-06,Uniswap MM,arbitrum,WBTC/USDC,30.73,5.56
955,2026-03-06,Uniswap MM,mainnet,WBTC/USDC,45.36,5.56
956,2026-03-06,Uniswap MM,arbitrum,WBTC/USDT,25.87,5.56
957,2026-03-07,Pendle LP,arbitrum,PT-USDai-18JUN2026,7.18,7.14
958,2026-03-07,Pendle LP,ethereum,PT-jrNUSD-28MAY2026,12.08,7.14
959,2026-03-07,Pendle LP,ethereum,PT-reUSDe-25JUN2026,14.86,7.14
960,2026-03-07,Pendle LP,arbitrum,PT-sUSDai-15OCT2026,12.93,7.14
961,2026-03-07,Pendle LP,arbitrum,PT-thBILL-18JUN2026,7.22,7.14
962,2026-03-07,Pendle PT,ethereum,PT-jrNUSD-28MAY2026,11.75,7.14
963,2026-03-07,Pendle PT,ethereum,PT-reUSDe-25JUN2026,14.86,7.14
964,2026-03-07,Pendle PT,arbitrum,PT-sUSDai-15OCT2026,7.61,7.14
965,2026-03-07,Pendle PT,ethereum,PT-srUSDe-2APR2026,7.08,7.14
966,2026-03-07,Pendle PT,arbitrum,PT-thBILL-18JUN2026,8,7.14
967,2026-03-07,Uniswap MM,arbitrum,ETH/USDC,6.92,7.14
968,2026-03-07,Uniswap MM,arbitrum,WBTC/USDC,10.33,7.14
969,2026-03-07,Uniswap MM,mainnet,WBTC/USDC,12.37,7.14
970,2026-03-07,Uniswap MM,arbitrum,WBTC/USDT,7.31,7.14
971,2026-03-08,Pendle LP,arbitrum,PT-USDai-18JUN2026,7.17,6.25
972,2026-03-08,Pendle LP,ethereum,PT-jrNUSD-28MAY2026,12.58,6.25
973,2026-03-08,Pendle LP,ethereum,PT-reUSDe-25JUN2026,14.81,6.25
974,2026-03-08,Pendle LP,arbitrum,PT-sUSDai-15OCT2026,12.91,6.25
975,2026-03-08,Pendle LP,arbitrum,PT-thBILL-18JUN2026,7.26,6.25
976,2026-03-08,Pendle PT,ethereum,PT-jrNUSD-28MAY2026,11.75,6.25
977,2026-03-08,Pendle PT,ethereum,PT-reUSDe-25JUN2026,14.86,6.25
978,2026-03-08,Pendle PT,arbitrum,PT-sUSDai-15OCT2026,7.61,6.25
979,2026-03-08,Pendle PT,ethereum,PT-srUSDe-2APR2026,7.08,6.25
980,2026-03-08,Pendle PT,arbitrum,PT-thBILL-18JUN2026,8,6.25
981,2026-03-08,Uniswap MM,arbitrum,ETH/USDC,13.51,6.25
982,2026-03-08,Uniswap MM,mainnet,ETH/USDC,13.74,6.25
983,2026-03-08,Uniswap MM,arbitrum,ETH/USDT,7.8,6.25
984,2026-03-08,Uniswap MM,arbitrum,WBTC/USDC,23.15,6.25
985,2026-03-08,Uniswap MM,mainnet,WBTC/USDC,28.74,6.25
986,2026-03-08,Uniswap MM,arbitrum,WBTC/USDT,15.89,6.25
987,2026-03-09,Pendle LP,arbitrum,PT-USDai-18JUN2026,10.36,5
988,2026-03-09,Pendle LP,ethereum,PT-jrNUSD-28MAY2026,12.77,5
989,2026-03-09,Pendle LP,ethereum,PT-reUSDe-25JUN2026,14.84,5
990,2026-03-09,Pendle LP,arbitrum,PT-sUSDai-15OCT2026,13.13,5
991,2026-03-09,Pendle LP,arbitrum,PT-thBILL-18JUN2026,7.39,5
992,2026-03-09,Pendle PT,ethereum,PT-jrNUSD-28MAY2026,11.75,5
993,2026-03-09,Pendle PT,ethereum,PT-reUSDe-25JUN2026,14.86,5
994,2026-03-09,Pendle PT,arbitrum,PT-sUSDai-15OCT2026,7.61,5
995,2026-03-09,Pendle PT,ethereum,PT-srUSDe-2APR2026,7.08,5
996,2026-03-09,Pendle PT,arbitrum,PT-thBILL-18JUN2026,8,5
997,2026-03-09,Uniswap MM,arbitrum,ETH/USDC,30.47,5
998,2026-03-09,Uniswap MM,mainnet,ETH/USDC,27.41,5
999,2026-03-09,Uniswap MM,arbitrum,ETH/USDT,14.67,5
1000,2026-03-09,Uniswap MM,mainnet,ETH/USDT,8.05,5
1001,2026-03-09,Uniswap MM,mainnet,USDC/cbBTC,16.73,5
1002,2026-03-09,Uniswap MM,arbitrum,WBTC/USDC,39.6,5
1003,2026-03-09,Uniswap MM,mainnet,WBTC/USDC,61.48,5
1004,2026-03-09,Uniswap MM,unichain,WBTC/USDC,7.72,5
1005,2026-03-09,Uniswap MM,arbitrum,WBTC/USDT,25.24,5
1006,2026-03-09,Uniswap MM,mainnet,WBTC/USDT,10.71,5
1007,2026-03-10,Pendle LP,arbitrum,PT-USDai-18JUN2026,13.88,5
1008,2026-03-10,Pendle LP,ethereum,PT-jrNUSD-28MAY2026,13.03,5
1009,2026-03-10,Pendle LP,ethereum,PT-reUSDe-25JUN2026,14.95,5
1010,2026-03-10,Pendle LP,arbitrum,PT-sUSDai-15OCT2026,12.28,5
1011,2026-03-10,Pendle LP,arbitrum,PT-thBILL-18JUN2026,11.26,5
1012,2026-03-10,Pendle PT,ethereum,PT-jrNUSD-28MAY2026,11.75,5
1013,2026-03-10,Pendle PT,ethereum,PT-reUSDe-25JUN2026,14.86,5
1014,2026-03-10,Pendle PT,arbitrum,PT-sUSDai-15OCT2026,7.61,5
1015,2026-03-10,Pendle PT,ethereum,PT-srUSDe-2APR2026,7.08,5
1016,2026-03-10,Pendle PT,arbitrum,PT-thBILL-18JUN2026,8,5
1017,2026-03-10,Uniswap MM,arbitrum,ETH/USDC,26.93,5
1018,2026-03-10,Uniswap MM,mainnet,ETH/USDC,20.16,5
1019,2026-03-10,Uniswap MM,arbitrum,ETH/USDT,13.28,5
1020,2026-03-10,Uniswap MM,mainnet,ETH/USDT,7.85,5
1021,2026-03-10,Uniswap MM,mainnet,USDC/cbBTC,41.88,5
1022,2026-03-10,Uniswap MM,arbitrum,WBTC/USDC,39.22,5
1023,2026-03-10,Uniswap MM,mainnet,WBTC/USDC,63.6,5
1024,2026-03-10,Uniswap MM,unichain,WBTC/USDC,9.59,5
1025,2026-03-10,Uniswap MM,arbitrum,WBTC/USDT,32.22,5
1026,2026-03-10,Uniswap MM,mainnet,WBTC/USDT,10.41,5
1027,2026-03-11,Pendle LP,arbitrum,PT-USDai-18JUN2026,12.05,5.26
1028,2026-03-11,Pendle LP,ethereum,PT-jrNUSD-28MAY2026,13,5.26
1029,2026-03-11,Pendle LP,ethereum,PT-reUSDe-25JUN2026,15.04,5.26
1030,2026-03-11,Pendle LP,arbitrum,PT-sUSDai-15OCT2026,11.6,5.26
1031,2026-03-11,Pendle LP,arbitrum,PT-thBILL-18JUN2026,11.78,5.26
1032,2026-03-11,Pendle PT,ethereum,PT-jrNUSD-28MAY2026,11.75,5.26
1033,2026-03-11,Pendle PT,ethereum,PT-reUSDe-25JUN2026,14.86,5.26
1034,2026-03-11,Pendle PT,arbitrum,PT-sUSDai-15OCT2026,7.61,5.26
1035,2026-03-11,Pendle PT,ethereum,PT-srUSDe-2APR2026,7.08,5.26
1036,2026-03-11,Pendle PT,arbitrum,PT-thBILL-18JUN2026,8,5.26
1037,2026-03-11,Uniswap MM,arbitrum,ETH/USDC,21.46,5.26
1038,2026-03-11,Uniswap MM,mainnet,ETH/USDC,19.13,5.26
1039,2026-03-11,Uniswap MM,arbitrum,ETH/USDT,13.33,5.26
1040,2026-03-11,Uniswap MM,mainnet,USDC/cbBTC,31.17,5.26
1041,2026-03-11,Uniswap MM,arbitrum,WBTC/USDC,31.08,5.26
1042,2026-03-11,Uniswap MM,mainnet,WBTC/USDC,48.15,5.26
1043,2026-03-11,Uniswap MM,unichain,WBTC/USDC,6.78,5.26
1044,2026-03-11,Uniswap MM,arbitrum,WBTC/USDT,25.45,5.26
1045,2026-03-11,Uniswap MM,mainnet,WBTC/USDT,7.65,5.26
1046,2026-03-12,Pendle LP,arbitrum,PT-USDai-18JUN2026,11.39,5.88
1047,2026-03-12,Pendle LP,ethereum,PT-jrNUSD-28MAY2026,11.85,5.88
1048,2026-03-12,Pendle LP,ethereum,PT-reUSDe-25JUN2026,15.03,5.88
1049,2026-03-12,Pendle LP,arbitrum,PT-sUSDai-15OCT2026,11.46,5.88
1050,2026-03-12,Pendle LP,arbitrum,PT-thBILL-18JUN2026,11.97,5.88
1051,2026-03-12,Pendle PT,ethereum,PT-jrNUSD-28MAY2026,11.75,5.88
1052,2026-03-12,Pendle PT,ethereum,PT-reUSDe-25JUN2026,14.86,5.88
1053,2026-03-12,Pendle PT,arbitrum,PT-sUSDai-15OCT2026,7.61,5.88
1054,2026-03-12,Pendle PT,ethereum,PT-srUSDe-2APR2026,7.08,5.88
1055,2026-03-12,Pendle PT,arbitrum,PT-thBILL-18JUN2026,8,5.88
1056,2026-03-12,Uniswap MM,arbitrum,ETH/USDC,16.44,5.88
1057,2026-03-12,Uniswap MM,mainnet,ETH/USDC,13.97,5.88
1058,2026-03-12,Uniswap MM,arbitrum,ETH/USDT,9.67,5.88
1059,2026-03-12,Uniswap MM,mainnet,USDC/cbBTC,13.65,5.88
1060,2026-03-12,Uniswap MM,arbitrum,WBTC/USDC,22,5.88
1061,2026-03-12,Uniswap MM,mainnet,WBTC/USDC,37.31,5.88
1062,2026-03-12,Uniswap MM,arbitrum,WBTC/USDT,18.11,5.88
