timestamp,maxApy,baseApy,underlyingApy,impliedApy,tvl,swapFeeApy,pendleApy,lpRewardApy,ptPrice,lpPrice,tradingVolume,chain,market_address,label,underlying,category,expiry,expired_in_period
2026-02-27T00:00:00.000Z,55039.93812382746,22098.452476114333,230.46509035269045,18.00000205493346,2603.758914298746,0.0,21960.990431808757,0,0.9513277448445675,2.2695499585799572,0.0,ethereum,0x3c53fae231ad3c0408a8b6d33138bbff1caec330,PT-apyUSD-18JUN2026,apyUSD,stablecoin,2026-06-18,False
2026-02-28T00:00:00.000Z,56833.015591538446,22795.746985729118,171.24571962926117,18.000002073785403,2607.3703398867956,0.0,22691.512403872886,0,0.9516585723800335,2.2726978348094966,0.0,ethereum,0x3c53fae231ad3c0408a8b6d33138bbff1caec330,PT-apyUSD-18JUN2026,apyUSD,stablecoin,2026-06-18,False
2026-03-01T00:00:00.000Z,2212.660224814284,939.2562495142906,146.43218783460586,18.000002092986556,67987.15084542493,0.0,848.9359835333292,0,0.952039910208346,2.2755850071341666,0.0,ethereum,0x3c53fae231ad3c0408a8b6d33138bbff1caec330,PT-apyUSD-18JUN2026,apyUSD,stablecoin,2026-06-18,False
2026-03-02T00:00:00.000Z,249.02124223807448,145.2314223739284,119.86114368446876,17.79973546356175,868113.641369757,0.01861171417012475,69.19321324276405,0,0.9529350516603095,2.2781497322427056,52017.35662480594,ethereum,0x3c53fae231ad3c0408a8b6d33138bbff1caec330,PT-apyUSD-18JUN2026,apyUSD,stablecoin,2026-06-18,False
2026-03-03T00:00:00.000Z,221.8716060479172,125.72948029946727,94.0398318574832,17.953849010906175,902256.775707901,0.69505173821931,64.09475049896662,0,0.9528880788055379,2.278824509092399,109413.64710798084,ethereum,0x3c53fae231ad3c0408a8b6d33138bbff1caec330,PT-apyUSD-18JUN2026,apyUSD,stablecoin,2026-06-18,False
2026-03-04T00:00:00.000Z,205.66439556055235,116.23258686650284,78.64831126115995,16.086976749405267,995430.6404299337,1.0907588320151262,59.621205796032996,0,0.9580429094833918,2.2851603556788667,147987.95115487583,ethereum,0x3c53fae231ad3c0408a8b6d33138bbff1caec330,PT-apyUSD-18JUN2026,apyUSD,stablecoin,2026-06-18,False
2026-03-05T00:00:00.000Z,79.14495819156612,61.513588349350165,66.29283895597192,14.790980121751751,4951364.943031734,0.2803786874465253,11.754246561477299,0,0.9615710377576798,2.288611605480868,553541.8619997166,ethereum,0x3c53fae231ad3c0408a8b6d33138bbff1caec330,PT-apyUSD-18JUN2026,apyUSD,stablecoin,2026-06-18,False
2026-03-06T00:00:00.000Z,62.97568929322978,46.27893927449994,44.66014878262605,14.853782702613794,4982569.82779896,0.28041066441930607,11.131166679153223,0,0.9617718058989118,2.2891051935580133,413109.01922934427,ethereum,0x3c53fae231ad3c0408a8b6d33138bbff1caec330,PT-apyUSD-18JUN2026,apyUSD,stablecoin,2026-06-18,False
2026-03-07T00:00:00.000Z,40.10331378541461,31.06702604848887,29.529577983290057,14.110374208453225,9106872.327805808,0.21288827958549916,6.0241918246171595,0,0.9638023183335774,2.2908109910665155,545187.6852526747,ethereum,0x3c53fae231ad3c0408a8b6d33138bbff1caec330,PT-apyUSD-18JUN2026,apyUSD,stablecoin,2026-06-18,False
2026-03-08T00:00:00.000Z,39.69941492614944,26.02744010032835,17.735441109942364,13.655667995213117,5904123.557057323,0.36339804081175764,9.114649883880727,0,0.965255871164702,2.292196837272421,641389.8218908539,ethereum,0x3c53fae231ad3c0408a8b6d33138bbff1caec330,PT-apyUSD-18JUN2026,apyUSD,stablecoin,2026-06-18,False
2026-03-09T00:00:00.000Z,34.13766196173778,21.280634243152253,11.04550526412218,13.873846904809263,6465232.559045532,0.8223923571394565,8.571351812390349,0,0.9651397312731685,2.292692732876569,973975.908841403,ethereum,0x3c53fae231ad3c0408a8b6d33138bbff1caec330,PT-apyUSD-18JUN2026,apyUSD,stablecoin,2026-06-18,False
2026-03-10T00:00:00.000Z,34.66408803955794,20.500783846092453,8.97528929078748,13.379089422586876,6173036.173893858,0.8397353084490522,9.442202795643658,0,0.9666202897746173,2.293982484365303,611917.1670251733,ethereum,0x3c53fae231ad3c0408a8b6d33138bbff1caec330,PT-apyUSD-18JUN2026,apyUSD,stablecoin,2026-06-18,False
2026-03-11T00:00:00.000Z,31.530752017803366,18.381917518533424,6.959680482472441,13.457255758702225,6712027.67666596,0.8059467674286669,8.765889666179957,0,0.9667391633373438,2.2942839680696503,1968229.8739011702,ethereum,0x3c53fae231ad3c0408a8b6d33138bbff1caec330,PT-apyUSD-18JUN2026,apyUSD,stablecoin,2026-06-18,False
2026-03-12T00:00:00.000Z,30.023956303187767,17.432119027590776,6.313651344701654,13.37007476062353,6850696.846255916,0.7326578806579942,8.394558183731329,0,0.967122502375432,2.2945197650175855,364086.6152776998,ethereum,0x3c53fae231ad3c0408a8b6d33138bbff1caec330,PT-apyUSD-18JUN2026,apyUSD,stablecoin,2026-06-18,False
2026-03-13T00:00:00.000Z,29.718227202649384,17.081898278499025,5.769597494688994,13.398941579789604,6908681.543233088,0.7281835099052447,8.424219282766906,0,0.9674414708521148,2.295043327828611,758109.2937816201,ethereum,0x3c53fae231ad3c0408a8b6d33138bbff1caec330,PT-apyUSD-18JUN2026,apyUSD,stablecoin,2026-06-18,False
2026-03-14T00:00:00.000Z,28.928465331922194,16.578339130589264,5.4854152394532285,13.337097295666833,7025475.306479906,0.6509561712296996,8.233417467555288,0,0.9678919456837899,2.295529063428731,1323186.653230598,ethereum,0x3c53fae231ad3c0408a8b6d33138bbff1caec330,PT-apyUSD-18JUN2026,apyUSD,stablecoin,2026-06-18,False
2026-03-15T00:00:00.000Z,27.917711901093806,16.294476867457313,5.880418596528281,13.328576741049414,7594135.124402538,0.5719415868309596,7.748823355757663,0,0.9683317295376713,2.2963675527037237,1045096.3904149041,ethereum,0x3c53fae231ad3c0408a8b6d33138bbff1caec330,PT-apyUSD-18JUN2026,apyUSD,stablecoin,2026-06-18,False
2026-03-16T00:00:00.000Z,28.79366110080643,16.85388535279795,6.683708967553326,13.635287670699704,7895682.41944154,0.19187126007269573,7.959850498672321,0,0.9678609525105063,2.296336380306835,2135642.2340869913,ethereum,0x3c53fae231ad3c0408a8b6d33138bbff1caec330,PT-apyUSD-18JUN2026,apyUSD,stablecoin,2026-06-18,False
2026-03-17T00:00:00.000Z,27.76415585771632,16.62997263717973,7.428370662447592,13.230062765446737,8265233.831230683,0.165271526418298,7.422788813691058,0,0.969221098200741,2.297985345934126,671812.4847276289,ethereum,0x3c53fae231ad3c0408a8b6d33138bbff1caec330,PT-apyUSD-18JUN2026,apyUSD,stablecoin,2026-06-18,False
2026-03-18T00:00:00.000Z,24.492345377326934,15.53980558108132,8.16092111955058,13.0326603165263,8775708.685813088,0.08412502650954057,5.9683598641637445,0,0.9699008028707518,2.2987658336211942,1562883.7315949579,ethereum,0x3c53fae231ad3c0408a8b6d33138bbff1caec330,PT-apyUSD-18JUN2026,apyUSD,stablecoin,2026-06-18,False
2026-03-19T00:00:00.000Z,23.17809936948351,15.299814820823201,8.844819628415056,12.938815111851842,9829081.42349114,0.09940515690949336,5.252189699106869,0,0.9703219677285547,2.299306208903501,523056.38977684,ethereum,0x3c53fae231ad3c0408a8b6d33138bbff1caec330,PT-apyUSD-18JUN2026,apyUSD,stablecoin,2026-06-18,False
2026-03-20T00:00:00.000Z,25.2198913928183,17.438621381412283,9.50611070235885,13.986322837413944,10119296.834634485,1.3953229898648445,5.187513340937345,0,0.9687012071565834,2.299608303309801,1571768.2625141214,ethereum,0x3c53fae231ad3c0408a8b6d33138bbff1caec330,PT-apyUSD-18JUN2026,apyUSD,stablecoin,2026-06-18,False
2026-03-21T00:00:00.000Z,24.602228874610095,17.384661087807785,10.167241128480331,13.737545491411085,10420907.235029431,1.3575566501613734,4.811711857868207,0,0.9695462125231018,2.3005827437210677,131105.7713431448,ethereum,0x3c53fae231ad3c0408a8b6d33138bbff1caec330,PT-apyUSD-18JUN2026,apyUSD,stablecoin,2026-06-18,False
2026-03-22T00:00:00.000Z,24.224944671198283,17.322125668354424,10.188078293512316,14.03688245115835,10486648.908257466,1.3664576351131608,4.601879335229239,0,0.9691652590310943,2.3005200882055346,237902.8864474532,ethereum,0x3c53fae231ad3c0408a8b6d33138bbff1caec330,PT-apyUSD-18JUN2026,apyUSD,stablecoin,2026-06-18,False
2026-03-23T00:00:00.000Z,24.568230907522302,17.262788565861833,9.814557636668809,13.912761172219446,10547114.144492285,1.3524201746068831,4.870294894440313,0,0.9697373681394807,2.301283524643084,266992.7241709636,ethereum,0x3c53fae231ad3c0408a8b6d33138bbff1caec330,PT-apyUSD-18JUN2026,apyUSD,stablecoin,2026-06-18,False
2026-03-24T00:00:00.000Z,24.04355011696701,16.894244266737495,9.53962190738955,13.777149049079028,10810583.873135874,1.338905012049807,4.766203900153009,0,0.9703086959841911,2.3020126742471505,364684.36200284003,ethereum,0x3c53fae231ad3c0408a8b6d33138bbff1caec330,PT-apyUSD-18JUN2026,apyUSD,stablecoin,2026-06-18,False
2026-03-25T00:00:00.000Z,24.74878013324048,17.06781730819334,9.287738281876589,13.776607840541,10839559.567675091,1.3357700088270974,5.120641883364761,0,0.9705960276963126,2.3024958209283546,2398519.2846201435,ethereum,0x3c53fae231ad3c0408a8b6d33138bbff1caec330,PT-apyUSD-18JUN2026,apyUSD,stablecoin,2026-06-18,False
2026-03-26T00:00:00.000Z,23.19899271120943,16.293648986754793,9.068015309716039,13.703544518265254,11222019.381737996,1.265437965221472,4.603562482969761,0,0.9710755585257949,2.303179357643344,1350578.217703405,ethereum,0x3c53fae231ad3c0408a8b6d33138bbff1caec330,PT-apyUSD-18JUN2026,apyUSD,stablecoin,2026-06-18,False
2026-03-27T00:00:00.000Z,21.63342867809177,14.89412223434862,8.88792795367619,13.732128963427437,11182268.139568938,0.09123530856243178,4.492870962495435,0,0.9713198506509054,2.3036333724090903,424854.3871017865,ethereum,0x3c53fae231ad3c0408a8b6d33138bbff1caec330,PT-apyUSD-18JUN2026,apyUSD,stablecoin,2026-06-18,False
2026-03-28T00:00:00.000Z,21.683591806103806,15.108375440753402,8.733741838410847,14.549802702578951,11224004.177027661,0.13442253279816185,4.38347757690027,0,0.970120573473653,2.303135313617299,488919.2553486227,ethereum,0x3c53fae231ad3c0408a8b6d33138bbff1caec330,PT-apyUSD-18JUN2026,apyUSD,stablecoin,2026-06-18,False
2026-03-29T00:00:00.000Z,21.556535027699102,15.15498449621595,8.596036087615078,14.971496859083322,11225615.080852028,0.16887377335885745,4.267700354322099,0,0.9697850756912139,2.303370090352305,465192.08028248034,ethereum,0x3c53fae231ad3c0408a8b6d33138bbff1caec330,PT-apyUSD-18JUN2026,apyUSD,stablecoin,2026-06-18,False
2026-03-30T00:00:00.000Z,19.265745201859247,14.15419224594838,8.46330798881767,14.894984241141751,11095642.353406683,0.15787357739693864,3.407701970607244,0,0.9700374974385065,2.3034972692899887,261380.04092663297,ethereum,0x3c53fae231ad3c0408a8b6d33138bbff1caec330,PT-apyUSD-18JUN2026,apyUSD,stablecoin,2026-06-18,False
2026-03-31T00:00:00.000Z,23.73002868707336,15.917138541981263,8.439699410736278,14.77446881085822,7240984.457360709,0.20009534574803034,5.208593430061401,0,0.9707020260901823,2.3045054755271135,3710213.624472684,ethereum,0x3c53fae231ad3c0408a8b6d33138bbff1caec330,PT-apyUSD-18JUN2026,apyUSD,stablecoin,2026-06-18,False
2026-04-01T00:00:00.000Z,23.391288406783556,15.866180932562433,8.595355006521865,14.85111665375598,7309994.684017167,0.1954606066785436,5.016738316147416,0,0.9710369031553375,2.305336222732795,807927.6313501765,ethereum,0x3c53fae231ad3c0408a8b6d33138bbff1caec330,PT-apyUSD-18JUN2026,apyUSD,stablecoin,2026-06-18,False
