date,uniswap_apy_pct,pendle_lp_apy_pct,combined_50_50_apy_pct
2025-11-01,5.069537953351068,5.4823178966903,5.275927925020683
2025-11-02,8.977599940431027,4.064591867893992,6.521095904162509
2025-11-03,56.56044961180226,3.9015800099841407,30.2310148108932
2025-11-04,68.54118188211372,5.6738283084499885,37.10750509528185
2025-11-05,28.576385488622897,5.750171396892624,17.16327844275776
2025-11-06,29.95434559090377,5.251468958383112,17.602907274643442
2025-11-07,33.81577038999623,5.259451385730384,19.53761088786331
2025-11-08,13.255003703507303,5.287678480370014,9.271341091938659
2025-11-09,22.50240898774801,6.262228170168626,14.382318578958317
2025-11-10,16.20187179781404,6.264161987264489,11.233016892539265
2025-11-11,19.595873344186696,6.124260608301141,12.860066976243917
2025-11-12,21.267089005144477,6.361179678160097,13.814134341652288
2025-11-13,44.07957447184435,6.300503258448188,25.19003886514627
2025-11-14,41.59119633724692,6.021521756533547,23.806359046890233
2025-11-15,10.057557946270386,6.142494437776986,8.100026192023686
2025-11-16,20.528384183466493,6.042583144408186,13.28548366393734
2025-11-17,29.60531156105967,5.934525575317977,17.76991856818882
2025-11-18,29.895485617811858,5.97327612061779,17.934380869214824
2025-11-19,21.711621478116815,5.636698957057514,13.674160217587165
2025-11-20,23.095637378291453,4.635057984011217,13.865347681151334
2025-11-21,38.18691901930553,4.804057827833703,21.495488423569615
2025-11-22,7.84264898707294,4.82497662055597,6.333812803814455
2025-11-23,8.73364681715242,4.861398704464062,6.797522760808241
2025-11-24,15.523031649062023,4.851615853663208,10.187323751362616
2025-11-25,11.610300111028014,4.876329190764865,8.24331465089644
2025-11-26,10.152508833352774,4.7925714719583805,7.4725401526555775
2025-11-27,7.923418445645087,5.037524581533433,6.48047151358926
2025-11-28,11.167313746520408,5.2460584815643125,8.20668611404236
2025-11-29,4.140370829593044,5.190077244585219,4.665224037089132
2025-11-30,4.209255239886133,5.133288015861757,4.671271627873945
2025-12-01,16.988793360548105,5.139904825968607,11.064349093258356
2025-12-02,13.820038819948191,8.460451045316148,11.14024493263217
2025-12-03,17.25010547956093,8.024390618956584,12.637248049258757
2025-12-04,13.387095559779466,8.739967384006846,11.063531471893157
2025-12-05,14.491227012683225,8.05518893962777,11.273207976155497
2025-12-06,4.320727047048149,7.971013704548965,6.145870375798557
2025-12-07,13.263558746680145,7.826537781430095,10.54504826405512
2025-12-08,13.94961778722497,7.782245350311735,10.865931568768353
2025-12-09,15.591160031821342,5.470336743440323,10.530748387630833
2025-12-10,19.43442676190184,5.687433420096808,12.560930090999324
2025-12-11,17.08850123305561,7.78761070331262,12.438055968184115
2025-12-12,12.046686202241709,7.536310034044233,9.791498118142972
2025-12-13,2.2521401478521446,7.609773179944426,4.930956663898286
2025-12-14,7.399424237653363,7.729383046212563,7.564403641932963
2025-12-15,18.44456834656141,12.063162536406884,15.253865441484148
2025-12-16,15.622696755711312,9.204869093063845,12.41378292438758
2025-12-17,18.78209217880798,8.979640359446512,13.880866269127246
2025-12-18,20.682791448534285,9.319112248947437,15.000951848740861
2025-12-19,16.50089508300411,8.299373453849022,12.400134268426566
2025-12-20,1.431144763726778,7.547797462563439,4.489471113145108
2025-12-21,4.487829776373617,7.284672177213843,5.88625097679373
2025-12-22,13.044799912298991,6.875801935602053,9.960300923950522
2025-12-23,9.162547867636018,6.702673967113914,7.932610917374966
2025-12-24,5.368955891878442,6.6051856201283705,5.987070756003407
2025-12-25,3.487476974974195,7.544138331589573,5.515807653281884
2025-12-26,8.893665171164159,8.5810230688666,8.73734412001538
2025-12-27,1.1157571411173948,8.525628807083468,4.820692974100432
2025-12-28,1.6461375544884296,8.487685217499738,5.066911385994084
2025-12-29,10.456201479283209,8.672649028370154,9.56442525382668
2025-12-30,7.056162861373766,8.317068362910785,7.686615612142275
2025-12-31,4.816599053684592,7.5959735684287555,6.206286311056674
2026-01-01,1.9637448359061924,8.97952456848733,5.471634702196761
2026-01-02,11.759117747689812,9.12282863681042,10.440973192250116
2026-01-03,3.3117344444226102,9.093007453536348,6.202370948979479
2026-01-04,4.135903458112112,9.05475980155729,6.595331629834702
2026-01-05,11.567937051658456,8.604618362884105,10.08627770727128
2026-01-06,12.312238419751491,8.41449491344799,10.363366666599742
2026-01-07,10.086674290383804,8.10027655841152,9.093475424397663
2026-01-08,11.778341775625037,6.734736640768245,9.256539208196642
2026-01-09,12.531868842861384,6.279864709436923,9.405866776149153
2026-01-10,1.0589859337227339,6.224881267215602,3.641933600469168
2026-01-11,3.265434590435288,6.273553906168629,4.7694942483019585
2026-01-12,12.143895058352733,6.107040002194644,9.125467530273689
2026-01-13,15.429174251534468,6.125391910123756,10.777283080829111
2026-01-14,13.163712055217834,6.196284565812446,9.67999831051514
2026-01-15,12.82550403523149,5.817178442172162,9.321341238701827
2026-01-16,6.415737775418025,6.217764098019342,6.316750936718684
2026-01-17,1.8755027552671324,6.259009771475696,4.067256263371414
2026-01-18,4.6829324223928115,6.2331868736508715,5.458059648021841
2026-01-19,11.75278233926109,6.183653050630548,8.96821769494582
2026-01-20,16.278164089041642,7.369191261970144,11.823677675505893
2026-01-21,19.74529624115566,7.436502748804096,13.590899494979878
2026-01-22,11.606481297530934,7.719218045792666,9.6628496716618
2026-01-23,10.289072074306638,7.623595648261979,8.956333861284309
2026-01-24,1.2998881157406406,7.607766533260832,4.453827324500736
2026-01-25,8.206986632633773,7.603511622331783,7.905249127482778
2026-01-26,11.674533759220704,7.648517297017528,9.661525528119116
2026-01-27,9.898552549390352,6.652547613237457,8.275550081313904
2026-01-28,12.59858198264279,6.553949098042081,9.576265540342435
2026-01-29,13.947359041856437,7.624118142642291,10.785738592249364
2026-01-30,18.537051976295736,7.51834564932393,13.027698812809833
2026-01-31,15.903364841564438,7.277774241930135,11.590569541747286
2026-02-01,9.880791583277663,7.246983145487795,8.56388736438273
2026-02-02,12.7957649484848,7.199551917447544,9.997658432966173
2026-02-03,11.47096336528607,7.327262955869765,9.399113160577917
2026-02-04,10.638488034592907,3.3135599638194164,6.976023999206162
2026-02-05,22.176251880969136,7.566993852681318,14.871622866825227
2026-02-06,27.462036461042832,7.6963136123540306,17.57917503669843
2026-02-07,22.728501355504953,7.487860736781965,15.108181046143459
2026-02-08,12.842980480041073,16.201947234909664,14.522463857475369
2026-02-09,17.55651925101942,16.13083293070118,16.8436760908603
2026-02-10,12.46896811807296,12.942053816318374,12.705510967195668
2026-02-11,17.156670335303826,8.676700959494008,12.916685647398918
2026-02-12,10.463094839917035,9.272812007564442,9.867953423740738
2026-02-13,9.62227776425987,61.59894171544985,35.61060973985486
2026-02-14,5.79245341511836,46.34764511430789,26.070049264713123
2026-02-15,9.710491275311107,48.68429383483962,29.197392555075364
2026-02-16,11.185009105762246,40.248115442361,25.716562274061623
2026-02-17,9.714022563854186,19.02930894475677,14.371665754305479
2026-02-18,8.307580080094626,18.73567302411779,13.52162655210621
2026-02-19,7.193057490712334,12.33985250338934,9.766454997050836
2026-02-20,10.434391329141372,10.165340655977475,10.299865992559424
2026-02-21,3.1182052919419125,9.614368601061448,6.36628694650168
2026-02-22,2.3020441741335995,9.238131434151875,5.770087804142737
2026-02-23,10.500359767901418,9.218004987828536,9.859182377864977
2026-02-24,8.528541603359791,8.900025899637804,8.714283751498797
2026-02-25,16.53527207567773,9.133398320643284,12.834335198160508
2026-02-26,11.20829937987591,8.601635772356973,9.90496757611644
2026-02-27,9.862024349798657,8.713573698650617,9.287799024224636
2026-02-28,14.637949500067846,8.959683290055226,11.798816395061536
2026-03-01,16.679850660910162,86.27071020226339,51.475280431586775
2026-03-02,22.75104079646868,20.367095194818187,21.55906799564343
2026-03-03,20.571781547646214,18.967940343655197,19.769860945650706
2026-03-04,25.20499538380975,18.697429659793297,21.951212521801523
2026-03-05,15.042367074438413,16.5466585105642,15.794512792501306
2026-03-06,13.596396492410205,14.888422108723745,14.242409300566976
2026-03-07,4.082886196457221,13.132749578761866,8.607817887609544
2026-03-08,8.738021814740717,12.718362145048077,10.728191979894397
2026-03-09,17.26443993334693,12.605243182776887,14.934841558061908
2026-03-10,19.108026843015107,13.222647919645691,16.1653373813304
2026-03-11,15.156103710430017,12.807680496864402,13.981892103647208
2026-03-12,18.60974381637631,13.0058964708085,15.807820143592405
2026-03-13,16.55295004453501,12.916068785402734,14.734509414968873
2026-03-14,2.7046624022180463,12.472624084333642,7.588643243275844
2026-03-15,6.812191246649993,12.365959606019244,9.589075426334619
2026-03-16,17.93063121927889,11.998646796845048,14.964639008061969
2026-03-17,13.360337653733326,11.742863947461403,12.551600800597365
2026-03-18,14.521560331499147,11.562818966440034,13.04218964896959
2026-03-19,15.175063484228222,12.394085559190588,13.784574521709406
2026-03-20,10.853423944167718,12.343590111550737,11.598507027859227
2026-03-21,3.2591793445028925,11.88574412373153,7.572461734117212
2026-03-22,7.520604107823991,11.919535178769257,9.720069643296624
2026-03-23,21.35425224883463,12.760622171219087,17.05743721002686
2026-03-24,10.267888584752573,12.621692714467402,11.444790649609988
2026-03-25,9.882237883293689,12.500823719740236,11.191530801516961
2026-03-26,8.149539998552411,9.000439998274372,8.574989998413391
2026-03-27,7.790135126287041,11.13715765065552,9.46364638847128
2026-03-28,2.5673297697856516,10.848794768843572,6.7080622693146115
2026-03-29,5.231438079541578,10.430163698226812,7.830800888884195
2026-03-30,9.647566162123157,10.483209139431137,10.065387650777147
2026-03-31,12.762044938368984,10.496662117939595,11.62935352815429
2026-04-01,9.644517785133619,3.916220271233733,6.780369028183676
