date,uni_portfolio_apy,uni_n_active_pools,uni_arbitrum_ETH_USDC_apy,uni_arbitrum_ETH_USDT_apy,uni_arbitrum_WBTC_USDC_apy,uni_arbitrum_WBTC_USDT_apy,uni_mainnet_ETH_USDC_apy,uni_mainnet_ETH_USDT_apy,uni_mainnet_USDC_cbBTC_apy,uni_mainnet_WBTC_USDC_apy,uni_mainnet_WBTC_USDT_apy,uni_unichain_ETH_USDC_apy,uni_unichain_ETH_USDT_apy,uni_unichain_WBTC_USDC_apy,uni_unichain_WBTC_USDT_apy,pendle_lp_portfolio_apy,pendle_lp_n_active_markets,pendle_lp_arbitrum_PT-USDai-18JUN2026_apy,pendle_lp_arbitrum_PT-sUSDai-15OCT2026_apy,pendle_lp_arbitrum_PT-thBILL-18JUN2026_apy,pendle_lp_arbitrum_PT-weETH-25JUN2026_apy,pendle_lp_arbitrum_PT-wstETH-25JUN2026_apy,pendle_lp_ethereum_PT-USDe-5FEB2026_apy,pendle_lp_ethereum_PT-apyUSD-18JUN2026_apy,pendle_lp_ethereum_PT-iUSD-19FEB2026_apy,pendle_lp_ethereum_PT-jrNUSD-28MAY2026_apy,pendle_lp_ethereum_PT-msY-9APR2026_apy,pendle_lp_ethereum_PT-reUSDe-25JUN2026_apy,pendle_lp_ethereum_PT-sNUSD-5MAR2026_apy,pendle_lp_ethereum_PT-sUSDE-5FEB2026_apy,pendle_lp_ethereum_PT-srUSDe-2APR2026_apy,pendle_lp_ethereum_PT-uniBTC-19FEB2026_apy,pendle_lp_ethereum_PT-ynRWAx-15OCT2026_apy,pendle_pt_arbitrum_PT-USDai-18JUN2026_implied_apy,pendle_pt_arbitrum_PT-sUSDai-15OCT2026_implied_apy,pendle_pt_arbitrum_PT-thBILL-18JUN2026_implied_apy,pendle_pt_arbitrum_PT-weETH-25JUN2026_implied_apy,pendle_pt_arbitrum_PT-wstETH-25JUN2026_implied_apy,pendle_pt_ethereum_PT-USDe-5FEB2026_implied_apy,pendle_pt_ethereum_PT-apyUSD-18JUN2026_implied_apy,pendle_pt_ethereum_PT-iUSD-19FEB2026_implied_apy,pendle_pt_ethereum_PT-jrNUSD-28MAY2026_implied_apy,pendle_pt_ethereum_PT-msY-9APR2026_implied_apy,pendle_pt_ethereum_PT-reUSDe-25JUN2026_implied_apy,pendle_pt_ethereum_PT-sNUSD-5MAR2026_implied_apy,pendle_pt_ethereum_PT-sUSDE-5FEB2026_implied_apy,pendle_pt_ethereum_PT-srUSDe-2APR2026_implied_apy,pendle_pt_ethereum_PT-uniBTC-19FEB2026_implied_apy,pendle_pt_ethereum_PT-ynRWAx-15OCT2026_implied_apy,pendle_pt_portfolio_avg_implied_apy,pendle_pt_n_markets,ws_portfolio_apy,ws_n_positions,ws_n_uniswap_qualifying,ws_n_pendle_lp_qualifying,ws_n_pendle_pt_qualifying,ws_min_position_apy,ws_max_position_apy
2025-11-01,5.07,13,6.57,5.16,1.26,0.53,4.95,2.05,0.04,12.76,10.28,10.53,3.32,1.49,6.96,5.48,4,,,,3.25,2.82,9.54,,,,,,,6.32,,,,,,,2.61,2.57,5.22,,,,,,,6.56,,,,4.24,4,,,,,,,
2025-11-02,8.98,13,10.36,7.9,2.22,0.91,8.11,3.35,0.15,16.83,26.82,17.7,4.96,5.35,12.05,4.06,4,,,,3.2,2.81,3.8,,,,,,,6.45,,,,,,,2.6,2.58,5.73,,,,,,,6.26,,,,4.29,4,20.45,3.0,3.0,0.0,0.0,16.83,26.82
2025-11-03,56.56,13,29.07,28.17,6.44,1.74,41.65,20.01,0.21,271.65,227.38,48.73,16.78,14.96,28.49,3.9,4,,,,2.96,2.85,3.42,,,,,,,6.38,,,,,,,2.65,2.58,5.43,,,,,,,6.24,,,,4.23,4,72.69,10.0,10.0,0.0,0.0,14.96,271.65
2025-11-04,68.54,13,40.6,39.05,26.17,2.56,57.56,35.91,0.0,249.59,287.0,60.2,27.68,17.97,46.75,5.67,5,,,,3.25,2.88,3.91,,,,,,,7.29,,,11.04,,,,2.76,2.58,6.08,,,,,,,7.41,,,11.0,5.97,5,80.77,11.0,11.0,0.0,0.0,17.97,287.0
2025-11-05,28.58,13,26.63,18.66,42.46,1.73,20.34,9.61,0.0,14.59,157.35,34.32,13.03,8.08,24.7,5.75,5,,,,3.28,2.94,4.18,,,,,,,7.4,,,10.96,,,,2.8,2.6,6.13,,,,,,,6.67,,,11.0,5.84,5,42.38,8.0,8.0,0.0,0.0,14.59,157.35
2025-11-06,29.95,13,25.46,17.39,44.66,1.35,17.73,13.96,0.0,15.59,176.22,36.08,11.39,7.74,21.84,5.25,5,,,,3.32,2.81,2.47,,,,,,,6.29,,,11.38,,,,2.86,2.6,6.72,,,,,,,6.68,,,11.0,5.97,5,44.37,8.0,8.0,0.0,0.0,15.59,176.22
2025-11-07,33.82,13,29.93,19.14,40.19,1.57,38.89,37.56,0.0,17.93,168.13,42.95,14.73,8.22,20.36,5.26,5,,,,3.37,2.83,2.53,,,,,,,6.18,,,11.39,,,,2.95,2.61,6.29,,,,,,,6.39,,,11.0,5.85,5,42.98,10.0,10.0,0.0,0.0,14.73,168.13
2025-11-08,13.26,13,16.51,11.73,20.9,0.6,15.33,22.33,0.0,5.35,44.26,18.56,6.91,2.22,7.62,5.29,5,,,,3.26,2.83,2.83,,,,,,,6.13,,,11.39,,,,2.85,2.6,6.97,,,,,,,6.49,,,11.0,5.98,5,22.98,6.0,6.0,0.0,0.0,15.33,44.26
2025-11-09,22.5,13,19.14,15.67,31.14,0.82,23.41,15.63,0.0,17.59,121.1,21.8,8.95,4.98,12.31,6.26,5,,,,3.25,2.83,7.51,,,,,,,6.33,,,11.39,,,,2.79,2.6,6.12,,,,,,,6.84,,,11.0,5.87,5,33.18,8.0,8.0,0.0,0.0,15.63,121.1
2025-11-10,16.2,13,25.02,21.43,18.91,1.05,23.94,7.67,0.0,19.01,37.61,25.9,11.58,5.33,13.16,6.26,5,,,,3.38,2.81,7.48,,,,,,,6.25,,,11.4,,,,2.8,2.59,5.61,,,,,,,6.3,,,11.0,5.66,5,24.55,7.0,7.0,0.0,0.0,18.91,37.61
2025-11-11,19.6,13,25.85,22.08,19.44,1.17,27.39,30.26,0.0,16.93,51.23,27.31,12.29,6.69,14.11,6.12,5,,,,3.28,2.8,7.03,,,,,,,6.14,,,11.37,,,,2.84,2.58,6.11,,,,,,,6.21,,,11.0,5.75,5,26.07,9.0,9.0,0.0,0.0,14.11,51.23
2025-11-12,21.27,13,32.76,23.87,24.01,8.01,39.06,29.15,0.0,14.35,41.51,30.34,13.64,5.77,13.99,6.36,5,,,,3.95,3.53,7.02,,,,,,,5.93,,,11.37,,,,2.57,2.36,6.02,,,,,,,6.33,,,11.0,5.66,5,29.38,8.0,8.0,0.0,0.0,14.35,41.51
2025-11-13,44.08,13,57.85,33.16,49.17,82.3,79.21,14.35,0.01,23.2,63.61,51.76,19.36,76.15,22.91,6.3,5,,,,3.96,3.53,2.07,,,,,,,5.54,,,16.4,,,,2.57,2.42,5.4,,,,,,,6.38,,,11.0,5.55,5,45.34,13.0,12.0,1.0,0.0,14.35,82.3
2025-11-14,41.59,13,59.66,32.42,80.88,3.14,99.39,10.09,0.01,23.3,99.31,62.74,17.89,22.29,29.57,6.02,5,,,,3.9,3.53,1.8,,,,,,,5.47,,,15.41,,,,2.57,2.42,5.71,,,,,,,6.11,,,11.0,5.56,5,49.35,11.0,10.0,1.0,0.0,15.41,99.39
2025-11-15,10.06,13,15.8,9.75,22.22,0.86,21.03,2.81,0.0,2.79,12.83,18.74,4.33,11.03,8.57,6.14,5,,,,4.05,3.54,1.84,,,,,,,5.52,,,15.76,,,,2.6,2.42,5.64,,,,,,,6.1,,,11.0,5.55,5,18.71,5.0,4.0,1.0,0.0,15.76,22.22
2025-11-16,20.53,13,31.17,15.26,30.89,1.33,55.34,7.18,0.0,8.03,44.28,37.61,10.6,10.54,14.64,6.04,5,,,,3.97,3.55,1.3,,,,,,,5.54,,,15.85,,,,2.6,2.42,5.26,,,,,,,6.01,,,11.0,5.46,5,30.63,8.0,7.0,1.0,0.0,14.64,55.34
2025-11-17,29.61,13,42.01,18.47,60.04,14.99,61.77,10.04,0.0,15.29,63.74,42.73,13.14,21.64,21.0,5.93,5,,,,3.86,3.55,1.42,,,,,,,5.48,,,15.36,,,,2.7,2.42,5.57,,,,,,,5.91,,,11.0,5.52,5,34.28,11.0,10.0,1.0,0.0,14.99,63.74
2025-11-18,29.9,13,34.18,16.75,60.6,39.51,56.91,10.09,0.0,27.56,58.05,34.16,14.5,20.18,16.14,5.97,5,,,,3.85,3.6,1.32,,,,,,,5.54,,,15.55,,,,2.57,2.47,5.31,,,,,,,6.02,,,11.0,5.47,5,32.84,12.0,11.0,1.0,0.0,14.5,60.6
2025-11-19,21.71,13,29.84,12.58,41.59,2.84,47.08,14.22,0.0,9.94,57.36,22.25,12.7,17.76,14.07,5.64,5,,,,3.21,2.77,1.3,,,,,,,5.56,,,15.34,,,,2.57,2.47,5.43,,,,,,,6.04,,,11.0,5.5,5,28.84,9.0,8.0,1.0,0.0,14.07,57.36
2025-11-20,23.1,13,24.45,12.43,54.76,5.29,39.31,16.69,0.0,12.43,63.29,20.67,11.83,19.82,19.26,4.64,5,,,,3.18,2.79,1.17,,,,,,,5.71,,,10.33,,,,2.57,2.47,5.14,,,,,,,6.21,,,11.0,5.48,5,32.28,8.0,8.0,0.0,0.0,16.69,63.29
2025-11-21,38.19,13,35.91,19.7,88.63,5.96,72.77,23.1,0.0,22.73,117.26,25.73,8.86,40.92,34.88,4.8,5,,,,2.83,2.87,1.37,,,,,,,5.74,,,11.21,,,,2.58,2.43,5.83,,,,,,,6.35,,,11.0,5.64,5,48.16,10.0,10.0,0.0,0.0,19.7,117.26
2025-11-22,7.84,12,7.91,5.49,29.84,1.37,8.74,4.51,,4.29,6.66,5.53,1.8,9.1,8.86,4.82,5,,,,3.06,2.88,1.21,,,,,,,5.73,,,11.24,,,,2.57,2.44,5.54,,,,,,,6.25,,,11.0,5.56,5,29.84,1.0,1.0,0.0,0.0,29.84,29.84
2025-11-23,8.73,13,8.6,6.1,31.32,1.58,10.69,6.86,0.0,4.93,11.5,6.63,2.42,11.95,10.95,4.86,5,,,,3.11,2.89,1.2,,,,,,,5.74,,,11.38,,,,2.58,2.47,5.47,,,,,,,6.2,,,11.0,5.54,5,31.32,1.0,1.0,0.0,0.0,31.32,31.32
2025-11-24,15.52,13,23.58,10.83,49.74,2.55,19.66,11.51,0.0,8.12,18.54,12.32,4.58,24.12,16.24,4.85,5,,,,2.91,2.89,1.2,,,,,,,5.77,,,11.49,,,,2.56,2.5,5.45,,,,,,,6.25,,,11.0,5.55,5,25.31,6.0,6.0,0.0,0.0,16.24,49.74
2025-11-25,11.61,13,22.56,9.23,34.54,1.25,17.32,10.33,0.0,4.87,13.35,9.05,3.4,15.21,9.85,4.88,5,,,,3.07,2.86,1.11,,,,,,,5.74,,,11.6,,,,2.69,2.51,5.26,,,,,,,6.22,,,11.0,5.54,5,22.4,4.0,4.0,0.0,0.0,15.21,34.54
2025-11-26,10.15,13,16.29,13.36,31.42,0.96,11.39,7.85,0.0,4.87,11.89,7.71,2.82,13.25,10.17,4.79,5,,,,3.16,2.86,1.18,,,,,,,5.79,,,10.98,,,,2.77,2.51,5.33,,,,,,,6.36,,,11.0,5.59,5,23.85,2.0,2.0,0.0,0.0,16.29,31.42
2025-11-27,7.92,13,10.66,25.14,20.42,0.75,9.15,4.25,0.0,3.31,8.48,5.15,3.25,6.96,5.48,5.04,6,,,,3.14,2.83,4.57,,2.95,,,,,6.4,,,10.35,,,,2.7,2.54,4.62,,10.0,,,,,5.83,,,11.0,6.11,6,22.78,2.0,2.0,0.0,0.0,20.42,25.14
2025-11-28,11.17,13,17.52,35.79,27.87,0.92,10.13,5.77,0.0,5.22,10.15,7.54,4.76,12.29,7.21,5.25,7,,,,3.38,2.74,4.52,,2.95,,,,6.06,6.14,,,10.92,,,,2.7,2.6,5.28,,10.0,,,,18.0,5.63,,,11.0,7.89,7,24.8,4.0,3.0,0.0,1.0,17.52,35.79
2025-11-29,4.14,13,6.53,16.02,10.09,0.34,4.53,3.79,0.0,1.86,0.88,3.19,1.48,2.37,2.74,5.19,7,,,,3.12,2.73,4.35,,2.95,,,,6.07,5.96,,,11.15,,,,2.7,2.61,5.16,,10.0,,,,18.0,5.76,,,11.0,7.89,7,17.01,2.0,1.0,0.0,1.0,16.02,18.0
2025-11-30,4.21,13,5.64,14.98,11.44,0.38,4.62,3.13,0.0,1.51,1.14,3.01,1.72,4.25,2.91,5.13,7,,,,3.2,2.72,4.11,,2.95,,,,6.07,5.85,,,11.03,,,,2.7,2.61,4.92,,10.0,,,,18.0,5.83,,,11.0,7.87,7,16.49,2.0,1.0,0.0,1.0,14.98,18.0
2025-12-01,16.99,13,30.03,23.86,49.65,3.16,26.76,9.5,0.0,10.39,7.32,11.0,4.12,27.06,18.01,5.14,7,,,,3.4,2.73,3.88,,3.16,,,,6.02,5.73,,,11.07,,,,2.67,2.61,4.91,,10.13,,,,17.74,5.86,,,11.0,7.84,7,27.62,7.0,6.0,0.0,1.0,18.0,49.65
2025-12-02,13.82,13,20.53,14.54,41.69,1.55,15.24,6.16,0.0,7.88,27.41,9.02,2.63,18.55,14.46,8.46,7,,,,3.36,2.76,4.05,,2.78,,,,29.5,5.65,,,11.14,,,,2.69,2.52,4.86,,9.08,,,,19.69,5.72,,,11.0,7.94,7,22.21,9.0,7.0,1.0,1.0,14.46,41.69
2025-12-03,17.25,13,35.85,19.66,53.29,1.58,27.51,8.29,0.01,7.76,19.03,12.96,5.06,19.0,14.25,8.02,7,,,,3.21,2.77,3.7,,2.96,,,,25.95,5.63,,,11.96,,,,2.69,2.52,4.62,,9.48,,,,18.73,5.85,,,11.0,7.84,7,25.84,9.0,7.0,1.0,1.0,14.25,53.29
2025-12-04,13.39,13,28.68,18.01,39.48,1.18,21.59,7.06,0.0,5.92,14.36,10.72,2.93,13.94,10.17,8.74,7,,,,3.13,2.68,3.3,,4.76,,,,27.56,6.98,,,12.77,,,,2.69,2.54,5.0,,9.6,,,,18.56,5.86,,,11.0,7.89,7,23.95,7.0,5.0,1.0,1.0,14.36,39.48
2025-12-05,14.49,13,33.81,16.06,44.96,1.39,23.16,6.47,0.01,6.29,14.31,12.11,4.3,14.49,11.04,8.06,7,,,,3.22,2.87,3.12,,3.16,,,,25.91,6.72,,,11.4,,,,2.75,2.6,5.09,,9.16,,,,18.21,5.88,,,11.0,7.81,7,23.84,8.0,6.0,1.0,1.0,14.31,44.96
2025-12-06,4.32,13,10.92,4.87,12.48,0.33,7.58,2.47,0.0,1.8,3.34,3.48,2.81,2.89,3.19,7.97,7,,,,3.19,2.89,3.02,,3.28,,,,25.6,6.58,,,11.23,,,,2.73,2.66,4.73,,9.35,,,,18.26,5.76,,,11.0,7.78,7,21.8,2.0,0.0,1.0,1.0,18.0,25.6
2025-12-07,13.26,13,32.09,13.03,35.85,0.95,21.24,5.91,0.01,6.32,14.83,10.76,5.57,15.99,9.89,7.83,7,,,,3.14,2.88,2.77,,3.14,,,,25.26,6.47,,,11.12,,,,2.73,2.64,5.14,,9.1,,,,17.88,5.73,,,11.0,7.75,7,23.32,7.0,5.0,1.0,1.0,14.83,35.85
2025-12-08,13.95,13,40.79,14.42,41.35,1.06,19.79,6.04,0.0,6.13,13.14,11.71,2.88,13.32,10.73,7.78,7,,,,3.07,2.88,2.8,,3.08,,,,25.22,6.45,,,10.98,,,,2.69,2.64,5.32,,8.69,,,,17.64,5.79,,,11.0,7.68,7,26.59,6.0,4.0,1.0,1.0,14.42,41.35
2025-12-09,15.59,13,34.99,18.99,45.18,4.74,23.51,8.56,0.01,7.53,15.6,14.18,3.62,14.92,10.83,5.47,7,,,,2.83,2.82,2.75,,2.8,,,,9.92,6.34,,,10.82,,,,2.69,2.64,5.29,,8.09,,,,16.34,5.59,,,11.0,7.38,7,23.17,8.0,7.0,0.0,1.0,14.18,45.18
2025-12-10,19.43,13,37.33,26.9,49.09,5.55,27.57,9.35,0.0,9.24,18.8,24.08,4.87,24.29,15.56,5.69,7,,,,3.09,2.81,2.8,,2.71,,,,11.21,6.3,,,10.89,,,,2.68,2.64,5.27,,7.89,,,,16.19,5.68,,,11.0,7.33,7,26.85,9.0,8.0,0.0,1.0,15.56,49.09
2025-12-11,17.09,13,33.96,19.73,53.54,5.76,24.02,8.15,0.01,7.99,18.66,14.06,3.61,19.0,13.67,7.79,8,,,,3.04,3.01,1.26,,2.57,,,22.78,13.32,5.5,,,10.82,,,,2.68,2.64,4.77,,7.85,,,20.0,16.94,5.5,,,11.0,8.92,8,24.37,10.0,7.0,1.0,2.0,14.06,53.54
2025-12-12,12.05,13,26.17,13.98,38.34,3.98,18.81,5.73,0.0,4.52,11.01,11.47,2.95,11.34,8.31,7.54,8,,,,2.89,2.82,1.31,,2.24,,,20.4,14.37,5.45,,,10.82,,,,2.68,2.64,4.69,,7.31,,,20.0,15.9,5.66,,,11.0,8.74,8,22.3,7.0,3.0,2.0,2.0,14.37,38.34
2025-12-13,2.25,13,6.18,3.07,6.12,0.67,4.21,2.29,0.0,0.36,0.97,2.5,0.49,0.97,1.44,7.61,8,,,,2.86,2.79,1.31,,2.24,,,19.53,15.85,5.43,,,10.86,,,,2.6,2.56,4.87,,7.34,,,20.0,16.08,5.5,,,11.0,8.74,8,18.35,4.0,0.0,2.0,2.0,15.85,20.0
2025-12-14,7.4,13,14.54,7.95,21.7,6.55,12.66,3.68,0.0,2.18,6.18,6.34,1.78,6.81,5.82,7.73,8,,,,2.85,2.79,1.21,,2.19,,,19.08,17.16,5.48,,,11.07,,,,2.61,2.56,4.57,,7.35,,,20.0,16.06,5.69,,,11.0,8.73,8,18.41,6.0,2.0,2.0,2.0,14.54,21.7
2025-12-15,18.44,13,31.46,32.23,44.02,13.41,32.98,12.18,0.0,6.6,16.55,12.6,4.0,17.85,15.88,12.06,8,,,,2.87,2.78,1.47,,2.02,,,52.43,18.31,5.42,,,11.2,,,,2.61,2.56,5.05,,7.37,,,13.74,15.68,5.49,,,11.0,7.94,8,27.25,11.0,7.0,2.0,2.0,15.88,52.43
2025-12-16,15.62,13,18.45,33.53,44.3,12.8,22.42,12.27,0.01,6.47,13.26,8.86,2.99,13.72,14.03,9.2,8,,,,3.07,2.78,1.4,,1.82,,,29.83,18.76,5.43,,,10.55,,,,2.61,2.54,4.73,,7.07,,,14.85,15.58,5.53,,,11.0,7.99,8,24.37,9.0,5.0,2.0,2.0,14.03,44.3
2025-12-17,18.78,13,22.41,30.1,55.03,14.84,23.24,14.48,0.01,11.98,21.03,10.32,3.39,20.89,16.44,8.98,8,,,,2.89,2.77,1.35,,1.63,,,28.69,17.82,5.39,,,11.28,,,,2.61,2.56,4.81,,6.88,,,15.33,15.58,5.55,,,11.0,8.04,8,23.31,13.0,9.0,2.0,2.0,14.48,55.03
2025-12-18,20.68,13,25.05,28.24,64.22,18.68,27.5,16.28,0.01,11.55,21.02,10.79,3.6,25.34,16.59,9.32,9,,,,2.74,2.75,1.1,,1.58,,,26.63,16.93,5.71,,15.21,11.23,,,,2.61,2.56,4.46,,6.85,,,13.8,15.47,5.51,,0.7,11.0,7.0,9,24.26,14.0,9.0,3.0,2.0,15.21,64.22
2025-12-19,16.5,13,21.11,19.12,55.61,8.21,23.14,12.93,0.01,9.17,17.37,9.1,3.07,18.09,17.58,8.3,9,,,,2.95,2.78,1.22,,1.6,,,24.03,16.07,5.78,,9.03,11.22,,,,2.6,2.56,4.78,,6.91,,,14.1,15.09,5.42,,0.45,11.0,6.99,9,22.74,11.0,7.0,2.0,2.0,16.07,55.61
2025-12-20,1.43,13,2.34,1.14,6.37,0.34,0.96,2.01,0.0,0.25,0.49,1.07,0.4,1.3,1.93,7.55,9,,,,2.94,2.76,1.43,,1.44,,,22.9,15.88,5.81,,3.56,11.21,,,,2.59,2.51,4.52,,6.32,,,13.81,14.69,5.26,,0.64,11.0,6.81,9,19.2,4.0,0.0,2.0,2.0,15.88,22.9
2025-12-21,4.49,13,7.1,3.82,15.41,0.64,5.41,3.88,0.0,2.69,8.08,2.52,0.83,4.01,3.95,7.28,9,,,,2.93,2.76,1.42,,1.44,,,21.83,15.66,5.74,,2.55,11.23,,,,2.59,2.51,4.64,,6.34,,,13.88,14.7,5.19,,0.36,11.0,6.8,9,18.18,5.0,1.0,2.0,2.0,15.41,21.83
2025-12-22,13.04,13,25.34,11.71,44.44,1.54,16.07,8.65,0.0,7.96,15.43,7.92,5.55,15.04,9.94,6.88,9,,,,2.75,2.76,1.47,,1.46,,,18.6,15.43,5.71,,2.48,11.24,,,,2.57,2.51,4.98,,6.37,,,13.97,14.71,5.31,,0.37,11.0,6.86,9,20.93,9.0,5.0,2.0,2.0,15.04,44.44
2025-12-23,9.16,13,13.4,9.45,34.67,1.5,12.47,7.01,0.0,5.87,10.13,5.26,1.05,10.2,8.11,6.7,9,,,,2.69,2.74,1.39,,1.43,,,18.22,13.83,5.63,,2.33,12.06,,,,2.57,2.51,4.97,,6.44,,,13.94,12.61,5.44,,0.36,11.0,6.65,9,22.72,4.0,1.0,1.0,2.0,18.0,34.67
2025-12-24,5.37,13,7.31,5.49,19.21,0.92,7.41,4.59,0.0,3.25,4.94,3.02,0.58,5.28,7.82,6.61,9,,,,2.68,2.75,1.35,,1.45,,,18.34,13.62,5.67,,2.39,11.2,,,,2.58,2.5,4.55,,6.44,,,14.22,12.22,5.49,,0.36,11.0,6.6,9,18.89,4.0,1.0,1.0,2.0,18.0,20.0
2025-12-25,3.49,13,5.04,3.8,12.89,0.54,5.13,3.61,0.0,2.32,3.56,1.95,0.38,3.81,2.32,7.54,9,,,,2.8,2.74,1.23,,1.17,,,21.85,13.27,5.13,,0.54,19.16,,,,2.58,2.5,4.82,,6.44,,,14.2,12.94,5.3,,0.34,8.42,6.39,9,19.75,4.0,0.0,2.0,2.0,18.0,21.85
2025-12-26,8.89,13,10.67,7.14,31.35,1.9,9.95,5.37,0.0,10.01,16.45,3.77,0.75,10.89,7.37,8.58,9,,,,2.69,2.72,1.15,,1.21,,,22.04,13.58,5.09,,0.56,28.18,,,,2.59,2.49,4.29,,6.52,,,14.12,13.63,5.16,,0.34,11.02,6.68,9,22.67,6.0,2.0,2.0,2.0,16.45,31.35
2025-12-27,1.12,12,2.17,1.56,4.09,0.17,1.58,1.33,,0.29,0.35,0.74,0.14,0.35,0.63,8.53,9,,,,2.75,2.72,1.15,,1.15,,,21.82,13.63,5.1,,0.52,27.89,,,,2.58,2.49,4.12,,6.39,,,14.05,13.32,5.13,,0.37,11.02,6.61,9,21.93,4.0,0.0,2.0,2.0,18.0,27.89
2025-12-28,1.65,12,3.11,2.22,6.04,0.41,1.91,1.92,,0.45,0.53,1.16,0.23,0.53,1.24,8.49,9,,,,2.75,2.72,1.21,,1.11,,,21.36,13.77,5.09,,0.48,27.91,,,,2.58,2.49,4.37,,6.31,,,14.14,13.38,5.16,,0.36,11.02,6.64,9,21.82,4.0,0.0,2.0,2.0,18.0,27.91
2025-12-29,10.46,13,17.7,11.65,34.31,1.48,13.07,7.77,0.0,9.95,12.75,5.72,1.71,12.65,7.17,8.67,9,,,,2.87,2.71,1.28,,1.1,,,23.44,13.95,5.09,,0.54,27.07,,,,2.58,2.49,4.71,,6.31,,,14.87,13.6,5.31,,0.6,10.77,6.8,9,23.42,6.0,2.0,2.0,2.0,17.7,34.31
2025-12-30,7.06,13,10.44,9.06,26.49,0.93,7.65,6.49,0.0,5.69,7.23,3.67,0.73,7.95,5.41,8.32,9,,,,2.79,2.71,1.17,,1.13,,,22.61,13.99,5.08,,0.53,24.84,,,,2.58,2.49,4.05,,6.4,,,14.46,13.55,5.35,,0.6,9.72,6.58,9,22.39,5.0,1.0,2.0,2.0,18.0,26.49
2025-12-31,4.82,13,8.97,6.35,16.64,5.32,5.23,3.9,0.0,3.03,3.68,2.37,0.45,4.03,2.65,7.6,10,,,,2.9,2.72,1.2,,1.14,,,21.36,14.25,5.09,4.52,0.54,22.25,,,,2.57,2.49,4.28,,6.42,,,14.24,13.95,5.4,6.53,0.6,8.86,6.53,10,18.75,6.0,1.0,3.0,2.0,14.25,22.25
2026-01-01,1.96,12,3.55,2.22,6.8,0.25,1.21,1.79,,1.52,1.97,0.92,0.17,1.93,1.24,8.98,10,,,,2.79,2.65,1.24,,1.04,,,18.95,15.59,5.25,9.08,0.8,32.4,,,,2.57,2.49,4.45,,6.42,,,14.86,13.57,5.47,7.08,0.63,8.86,6.64,10,20.99,5.0,0.0,3.0,2.0,15.59,32.4
2026-01-02,11.76,13,25.28,15.01,38.39,1.46,13.06,7.18,0.0,10.12,13.32,6.76,2.22,13.39,6.68,9.12,10,,,,2.79,2.65,1.27,,1.05,,,19.46,15.86,5.36,6.39,0.85,35.55,,,,2.57,2.49,4.45,,6.42,,,15.66,13.89,5.43,6.26,0.63,10.46,6.83,10,23.44,8.0,3.0,3.0,2.0,15.01,38.39
2026-01-03,3.31,12,6.82,4.33,10.85,0.42,3.38,2.84,,2.07,2.72,1.74,0.26,2.73,1.59,9.09,10,,,,2.74,2.65,1.34,,0.99,,,19.46,15.8,5.49,6.33,0.85,35.27,,,,2.57,2.49,4.75,,6.25,,,15.57,13.34,5.5,6.93,0.63,10.37,6.84,10,21.71,5.0,0.0,3.0,2.0,15.8,35.27
2026-01-04,4.14,13,10.15,6.51,14.59,0.61,5.96,2.92,0.0,1.8,2.43,2.77,0.46,2.88,2.68,9.05,10,,,,2.77,2.65,1.34,,0.94,,,19.34,15.91,5.6,5.78,0.84,35.38,,,,2.53,2.49,4.79,,6.11,,,15.32,13.7,5.57,6.34,0.63,10.6,6.81,10,20.53,6.0,1.0,3.0,2.0,14.59,35.38
2026-01-05,11.57,13,24.82,16.39,32.85,1.39,23.06,7.42,0.0,8.26,11.82,7.0,1.28,10.11,5.98,8.6,10,,,,2.77,2.65,1.37,,0.96,,,15.87,16.01,5.75,5.95,0.85,33.87,,,,2.53,2.45,4.75,,6.14,,,14.22,13.84,5.43,6.65,0.63,10.19,6.68,10,22.32,9.0,4.0,3.0,2.0,15.87,33.87
2026-01-06,12.31,13,24.51,16.06,34.64,1.63,25.72,8.39,0.0,8.47,13.45,7.31,1.35,12.42,6.12,8.41,10,,,,2.9,2.65,1.33,,0.97,,,15.68,15.79,5.84,5.64,0.85,32.5,,,,2.52,2.45,4.75,,6.15,,,13.39,13.79,5.37,6.4,0.64,10.19,6.56,10,22.54,9.0,4.0,3.0,2.0,15.68,34.64
2026-01-07,10.09,13,23.44,14.65,30.69,1.25,18.65,6.41,0.0,5.44,8.15,6.73,0.99,8.82,5.9,8.1,10,,,,2.63,2.65,1.01,,0.96,,,15.56,15.51,5.87,5.27,0.82,30.73,,,,2.52,2.46,4.19,,6.17,,,13.45,13.94,5.27,6.32,0.64,10.19,6.51,10,20.8,9.0,4.0,3.0,2.0,14.65,30.73
2026-01-08,11.78,12,23.41,14.28,31.69,1.26,20.81,5.85,,6.92,9.9,6.68,0.83,11.99,7.73,6.73,10,,,,2.79,2.71,0.97,,0.9,,,15.7,14.95,5.67,6.63,0.13,16.91,,,,2.46,2.46,4.86,,6.32,,,13.19,13.97,5.42,7.02,0.64,10.19,6.65,10,19.53,9.0,4.0,3.0,2.0,14.28,31.69
2026-01-09,12.53,12,24.6,14.96,33.32,1.26,23.38,7.36,,7.88,11.61,6.69,0.72,11.89,6.72,6.28,10,,,,2.82,2.7,0.99,,0.88,,,15.58,14.76,5.76,6.53,0.13,12.64,,,,2.46,2.47,4.94,,6.28,,,13.09,14.29,5.42,7.4,0.64,10.11,6.71,10,20.58,8.0,4.0,2.0,2.0,14.76,33.32
2026-01-10,1.06,12,2.89,1.57,3.05,0.12,1.05,2.2,,0.17,0.24,0.63,0.07,0.22,0.49,6.22,10,,,,2.81,2.7,0.91,,0.88,,,15.59,14.39,5.71,6.48,0.13,12.65,,,,2.5,2.47,3.89,,6.29,,,13.21,14.02,5.33,7.51,0.64,10.16,6.6,10,17.0,4.0,0.0,2.0,2.0,14.39,20.0
2026-01-11,3.27,13,8.45,4.28,8.54,0.4,6.43,4.02,0.0,1.41,2.06,2.23,0.24,2.28,2.1,6.27,10,,,,2.76,2.7,1.13,,0.89,,,15.71,14.25,5.73,6.5,0.13,12.94,,,,2.5,2.44,4.8,,6.3,,,13.34,14.02,5.41,7.07,0.64,10.12,6.66,10,16.99,4.0,0.0,2.0,2.0,14.25,20.0
2026-01-12,12.14,13,28.11,14.6,36.52,1.37,19.18,6.92,0.0,10.19,14.72,6.19,0.64,12.98,6.46,6.11,10,,,,2.77,2.67,1.04,,0.9,,,15.59,13.79,5.68,6.11,0.13,12.39,,,,2.41,2.44,4.45,,6.34,,,13.53,12.84,5.46,7.01,0.64,10.12,6.52,10,20.84,8.0,5.0,1.0,2.0,14.6,36.52
2026-01-13,15.43,13,31.27,22.65,40.77,1.64,26.74,8.1,0.0,9.13,29.02,8.26,1.11,14.03,7.86,6.13,10,,,,2.64,2.67,1.39,,0.9,,,16.13,13.61,5.65,5.57,0.11,12.6,,,,2.41,2.43,4.31,,6.32,,,13.91,12.41,5.26,6.2,0.5,10.12,6.39,10,24.29,9.0,6.0,1.0,2.0,14.03,40.77
2026-01-14,13.16,13,33.57,25.19,28.74,2.31,26.26,6.94,0.0,6.26,11.94,8.61,1.12,11.14,9.05,6.2,10,,,,2.81,2.66,1.42,,0.83,,,16.35,13.41,5.62,5.91,0.11,12.85,,,,2.41,2.43,4.67,,6.12,,,14.13,12.4,5.38,7.13,0.5,10.38,6.55,10,24.02,7.0,4.0,1.0,2.0,16.35,33.57
2026-01-15,12.83,13,30.63,22.6,28.98,2.72,31.06,6.28,0.0,5.33,10.92,7.35,1.07,11.46,8.33,5.82,10,,,,2.72,2.65,1.16,,0.85,,,14.77,13.65,5.9,5.08,0.1,11.28,,,,2.41,2.42,4.41,,6.13,,,13.9,12.02,5.59,5.99,0.5,10.38,6.38,10,23.72,7.0,4.0,1.0,2.0,14.77,31.06
2026-01-16,6.42,13,16.71,10.77,19.55,0.85,13.33,4.04,0.0,2.08,4.36,3.98,0.58,3.5,3.64,6.22,11,,,,2.66,2.64,1.18,,0.93,,9.85,14.73,13.52,5.87,5.61,0.1,11.3,,,,2.41,2.42,4.46,,6.37,,13.0,13.75,12.0,5.45,6.1,0.5,10.38,6.98,11,17.8,5.0,2.0,1.0,2.0,14.73,20.0
2026-01-17,1.88,12,4.35,2.97,4.2,0.15,5.16,2.41,,0.35,0.63,0.93,0.14,0.35,0.87,6.26,11,,,,2.67,2.63,1.12,,0.96,,10.52,14.69,13.38,5.86,5.57,0.1,11.35,,,,2.41,2.42,4.31,,6.44,,13.0,13.7,12.21,5.44,6.31,0.5,10.46,7.02,11,17.56,3.0,0.0,1.0,2.0,14.69,20.0
2026-01-18,4.68,12,10.53,7.96,10.54,0.38,11.21,3.54,,1.58,3.55,2.32,0.35,2.75,1.5,6.23,11,,,,2.74,2.62,1.12,,0.92,,10.9,14.59,13.21,5.85,5.52,0.11,11.0,,,,2.37,2.42,4.5,,6.32,,13.0,13.65,12.27,5.61,6.19,0.52,10.46,7.03,11,17.53,3.0,0.0,1.0,2.0,14.59,20.0
2026-01-19,11.75,13,25.22,23.93,27.53,1.11,13.79,25.02,0.0,5.25,10.42,6.16,0.96,8.19,5.21,6.18,11,,,,2.66,2.62,1.11,,1.1,,11.15,14.54,13.01,5.83,5.51,0.1,10.39,,,,2.34,2.37,4.54,,6.81,,13.0,13.68,12.21,5.61,6.28,0.5,10.46,7.07,11,22.03,7.0,4.0,1.0,2.0,14.54,27.53
2026-01-20,16.28,13,35.88,40.32,48.15,1.32,20.49,12.03,0.0,6.54,13.44,8.64,1.98,13.85,8.98,7.37,11,,,,10.0,2.63,1.06,,1.1,,11.32,18.91,12.93,5.83,5.75,0.1,11.44,,,,4.1,2.37,4.3,,6.81,,13.0,13.62,12.01,5.22,6.92,0.52,10.72,7.24,11,28.82,7.0,4.0,1.0,2.0,18.0,48.15
2026-01-21,19.75,13,34.53,34.42,58.02,1.68,30.07,18.77,0.0,13.09,21.29,9.25,2.35,22.02,11.21,7.44,11,,,,9.93,2.63,1.08,,0.96,,12.07,18.72,13.05,5.94,5.67,0.1,11.64,,,,3.54,2.38,4.29,,6.42,,13.08,13.57,12.06,5.33,6.27,0.52,10.23,7.06,11,27.58,10.0,7.0,1.0,2.0,18.0,58.02
2026-01-22,11.61,12,20.25,26.32,29.07,0.92,15.42,10.47,,5.09,12.22,5.58,0.89,6.99,6.05,7.72,11,,,,10.36,2.58,1.12,,0.87,,12.61,20.84,12.26,5.65,6.42,0.14,12.07,,,,3.47,2.38,4.14,,6.22,,12.93,13.43,12.25,5.36,6.34,0.52,10.23,7.02,11,21.41,7.0,4.0,1.0,2.0,15.42,29.07
2026-01-23,10.29,13,17.89,21.57,29.98,0.88,12.23,10.01,0.0,8.39,10.17,5.04,0.9,10.34,6.35,7.62,11,,,,10.07,2.56,1.05,,0.98,,12.56,20.62,12.35,5.63,5.79,0.13,12.13,,,,3.33,2.38,3.79,,6.55,,12.88,13.48,12.53,5.51,6.27,0.52,10.34,7.05,11,21.34,6.0,3.0,1.0,2.0,17.89,29.98
2026-01-24,1.3,12,2.43,2.52,3.83,0.11,0.77,1.78,,0.55,0.68,0.76,0.1,1.34,0.73,7.61,11,,,,10.06,2.54,1.04,,0.98,,12.56,20.47,12.53,5.58,5.78,0.13,12.02,,,,3.33,2.39,3.71,,6.56,,12.3,13.53,13.15,5.52,6.28,0.52,10.23,7.05,11,19.49,3.0,0.0,1.0,2.0,18.0,20.47
2026-01-25,8.21,13,11.5,15.59,27.4,0.69,8.04,8.38,0.0,5.94,8.97,4.48,0.56,8.23,6.9,7.6,11,,,,9.96,2.54,1.07,,0.98,,12.51,20.28,12.46,5.49,5.77,0.13,12.44,,,,3.29,2.4,4.04,,6.56,,12.27,13.48,12.6,5.49,6.46,0.52,10.77,7.08,11,20.25,5.0,2.0,1.0,2.0,15.59,27.4
2026-01-26,11.67,13,15.92,22.08,33.83,0.93,15.29,9.82,0.0,11.37,15.22,5.79,0.74,13.49,7.27,7.65,11,,,,10.0,2.51,1.06,,0.98,,12.49,20.11,12.51,5.45,5.61,0.13,13.28,,,,3.13,2.4,3.9,,6.56,,12.27,13.45,12.5,5.5,6.21,0.52,10.77,7.02,11,20.06,8.0,5.0,1.0,2.0,15.22,33.83
2026-01-27,9.9,13,17.81,22.94,28.7,0.61,13.57,8.51,0.0,7.53,10.13,4.83,0.65,8.6,4.82,6.65,11,,,,3.7,2.5,1.16,,1.14,,12.47,16.06,12.65,5.41,5.54,0.13,12.42,,,,2.96,2.4,3.5,,6.96,,12.26,13.33,12.79,5.49,6.25,0.52,10.77,7.02,11,20.59,6.0,3.0,1.0,2.0,16.06,28.7
2026-01-28,12.6,13,26.5,36.44,35.69,0.78,13.89,8.47,0.0,8.36,10.83,4.96,1.23,9.59,7.04,6.55,11,,,,3.46,2.49,1.17,,1.3,,12.34,16.0,12.45,5.33,5.5,0.13,11.91,,,,2.95,2.4,3.51,,7.35,,11.76,13.09,12.67,5.29,6.46,0.52,10.77,6.98,11,25.44,6.0,3.0,1.0,2.0,16.0,36.44
2026-01-29,13.95,13,19.45,25.86,42.74,1.19,17.84,10.54,0.0,18.06,12.63,6.52,0.69,16.93,8.85,7.62,11,,,,3.46,2.48,5.99,,1.55,,12.95,18.46,12.17,5.06,5.05,0.05,16.63,,,,2.95,2.4,3.96,,7.26,,11.34,13.33,12.33,5.32,6.46,0.52,10.76,6.97,11,21.4,10.0,6.0,2.0,2.0,16.63,42.74
2026-01-30,18.54,13,24.86,20.82,50.13,25.53,29.8,12.23,0.0,18.61,13.01,9.98,0.92,18.6,16.49,7.52,11,,,,3.48,2.49,5.86,,1.55,,12.61,18.31,11.93,5.03,4.96,0.05,16.43,,,,2.89,2.4,4.46,,7.29,,9.6,13.31,12.14,5.5,6.3,0.48,10.76,6.83,11,23.13,12.0,8.0,2.0,2.0,16.43,50.13
2026-01-31,15.9,13,16.12,7.82,38.82,8.35,44.2,13.65,0.0,25.66,13.03,6.71,1.31,12.76,18.3,7.28,11,,,,3.52,2.5,4.93,,1.61,,12.24,17.62,11.68,4.97,4.85,0.05,16.09,,,,2.89,2.37,3.43,,7.48,,9.63,13.37,12.17,5.84,6.23,0.48,10.89,6.8,11,23.87,9.0,5.0,2.0,2.0,16.09,44.2
2026-02-01,9.88,13,9.2,5.6,31.78,2.36,22.01,6.52,0.0,16.48,7.85,4.0,1.02,9.11,12.53,7.25,11,,,,3.57,2.67,5.23,,1.74,,12.11,17.28,11.49,4.98,4.69,0.05,15.89,,,,2.87,2.42,5.14,,7.76,,9.63,12.91,12.22,5.91,6.13,0.49,10.88,6.94,11,20.21,7.0,3.0,2.0,2.0,15.89,31.78
2026-02-02,12.8,13,11.3,7.19,46.19,4.59,20.84,8.03,0.0,17.73,11.87,5.58,1.11,16.52,15.4,7.2,11,,,,3.53,2.69,5.75,,1.6,,12.02,16.68,11.34,4.93,4.67,0.05,15.94,,,,2.68,2.42,6.64,,7.42,,9.65,12.48,12.13,5.86,6.0,0.49,10.88,6.97,11,20.81,9.0,5.0,2.0,2.0,15.4,46.19
2026-02-03,11.47,13,11.98,5.99,34.12,3.81,23.3,6.07,6.14,17.82,10.14,4.32,0.83,13.52,11.08,7.33,11,,,,3.5,2.69,6.94,,1.92,,11.89,17.08,11.15,5.0,4.62,0.05,15.76,,,,2.66,2.42,7.76,,8.07,,9.65,13.76,12.09,6.12,6.02,0.49,10.88,7.27,11,20.87,7.0,3.0,2.0,2.0,15.76,34.12
2026-02-04,10.64,13,13.69,5.38,29.04,2.13,23.21,7.57,9.26,18.07,14.22,4.18,0.92,5.15,5.47,3.31,11,,,,3.4,2.71,21.05,,1.75,,11.72,17.14,11.18,-52.04,4.59,0.04,14.91,,,,2.66,2.42,23.79,,7.89,,9.68,13.93,12.08,-55.22,6.12,0.36,10.88,3.14,11,19.52,9.0,4.0,3.0,2.0,14.22,29.04
2026-02-05,22.18,13,19.57,7.62,31.31,2.51,39.74,20.58,64.82,44.2,38.71,7.45,2.04,8.78,0.97,7.57,9,,,,3.42,2.74,,,1.64,,12.79,16.49,11.33,,4.4,0.04,15.25,,,,2.62,2.41,,,7.71,,11.76,13.4,12.92,,6.14,0.45,10.86,7.59,9,29.88,11.0,7.0,2.0,2.0,15.25,64.82
2026-02-06,27.46,13,16.63,6.46,27.23,93.83,24.0,17.07,79.37,35.11,27.49,5.46,1.41,22.32,0.64,7.7,9,,,,3.57,2.92,,,1.83,,12.69,16.85,11.44,,4.24,0.04,15.69,,,,2.62,2.41,,,8.01,,11.72,13.48,12.65,,5.5,0.37,10.86,7.52,9,31.81,13.0,9.0,2.0,2.0,15.69,93.83
2026-02-07,22.73,13,26.85,7.12,24.56,112.11,33.09,8.26,19.68,23.81,9.7,7.12,1.9,20.72,0.54,7.49,9,,,,3.49,2.9,,,1.78,,12.66,16.34,11.41,,3.87,0.04,14.91,,,,2.69,2.4,,,7.97,,11.63,13.61,12.18,,4.7,0.4,10.93,7.39,9,30.01,11.0,7.0,2.0,2.0,14.91,112.11
2026-02-08,12.84,13,9.42,2.47,11.68,56.01,19.52,4.79,25.39,20.72,4.58,1.42,0.46,10.22,0.28,16.2,10,,,94.48,3.44,2.75,,,1.74,,12.74,16.03,11.45,,3.93,0.03,15.44,,,8.0,2.66,2.39,,,7.91,,11.59,13.3,12.1,,5.56,0.3,11.55,7.54,10,31.73,9.0,4.0,3.0,2.0,15.44,94.48
2026-02-09,17.56,13,14.48,3.91,23.73,88.54,21.28,6.19,27.5,19.18,8.96,2.03,0.62,11.52,0.31,16.13,10,,,93.04,3.28,2.72,,,1.64,,13.32,16.26,11.42,,3.64,0.04,15.94,,,8.0,2.66,2.39,,,7.75,,12.33,13.6,11.94,,4.74,0.39,11.7,7.55,10,32.54,11.0,6.0,3.0,2.0,14.48,93.04
2026-02-10,12.47,13,8.57,4.34,19.46,69.81,8.15,7.7,16.8,10.79,7.17,1.67,0.51,6.75,0.38,12.94,10,,,58.58,3.28,2.72,,,1.63,,13.42,15.7,11.5,,3.77,0.03,18.79,,,3.81,2.6,2.39,,,7.75,,12.44,13.58,12.11,,4.36,0.35,13.38,7.28,10,29.64,8.0,3.0,3.0,2.0,15.7,69.81
2026-02-11,17.16,13,9.48,4.53,23.15,91.84,7.26,6.85,30.94,22.27,10.55,2.28,0.71,12.99,0.18,8.68,10,,,15.61,3.33,2.71,,,1.5,,13.43,15.62,11.63,,3.7,0.03,19.2,,,3.91,2.59,2.39,,,7.54,,12.3,13.56,12.25,,3.96,0.36,13.46,7.23,10,28.51,9.0,4.0,3.0,2.0,15.61,91.84
2026-02-12,10.46,13,7.19,3.62,16.9,55.47,4.63,4.44,16.41,11.83,5.72,1.51,0.46,7.73,0.12,9.27,11,,,8.29,3.28,2.69,,,1.41,24.96,12.77,14.23,11.64,,3.68,0.05,19.02,,,4.37,2.58,2.39,,,7.33,11.75,12.29,13.62,12.14,,3.93,0.47,13.02,7.63,11,23.12,8.0,3.0,3.0,2.0,14.23,55.47
2026-02-13,9.62,13,6.46,2.88,13.91,55.69,4.06,8.42,11.58,7.69,7.25,1.33,0.36,5.08,0.39,61.6,12,,639.02,9.49,3.2,2.5,,,1.41,20.46,12.79,15.56,11.62,,3.7,0.03,19.41,,7.61,4.4,2.58,2.39,,,7.33,11.52,12.29,13.52,12.17,,4.33,0.29,12.37,7.57,12,112.59,7.0,1.0,4.0,2.0,15.56,639.02
2026-02-14,5.79,13,4.65,1.07,6.95,27.99,2.14,6.27,9.95,4.56,6.94,0.59,0.15,3.61,0.43,46.35,12,,461.63,5.89,3.21,2.49,,,1.36,15.92,12.84,15.79,11.78,,3.69,0.02,21.53,,7.54,3.91,2.51,2.4,,,7.18,11.77,12.29,13.58,12.11,,4.42,0.2,13.25,7.6,12,82.98,7.0,1.0,4.0,2.0,15.79,461.63
2026-02-15,9.71,13,7.43,2.73,11.38,49.27,6.93,11.02,12.22,8.21,10.03,1.47,0.4,4.48,0.66,48.68,13,96.49,442.84,6.02,3.25,2.48,,,1.28,15.52,12.82,15.65,11.74,,3.6,0.03,21.19,5.04,7.98,4.35,2.49,2.41,,,6.98,11.82,12.29,13.56,12.27,,4.37,0.3,13.16,7.46,13,84.87,8.0,1.0,5.0,2.0,15.52,442.84
2026-02-16,11.19,13,5.35,2.41,12.15,50.51,4.87,4.29,14.25,33.24,11.79,1.1,0.31,4.66,0.47,40.25,13,95.34,336.23,5.9,3.2,2.48,,,1.13,15.34,12.58,15.46,11.49,,3.52,0.0,20.56,5.04,7.69,4.07,2.49,2.41,,,6.62,11.75,12.28,13.52,12.18,,4.09,0.01,13.24,7.34,13,61.89,10.0,3.0,5.0,2.0,14.25,336.23
2026-02-17,9.71,13,5.56,2.54,14.02,55.94,5.91,4.76,10.18,11.99,7.37,1.24,0.41,5.84,0.53,19.03,13,45.47,106.09,5.57,3.24,2.48,,,1.26,14.65,12.62,15.38,11.41,,3.23,4.37,21.59,5.04,8.4,4.28,2.57,2.41,,,6.96,11.68,12.28,13.52,12.2,,3.92,4.18,14.57,7.85,13,34.57,9.0,2.0,5.0,2.0,14.02,106.09
2026-02-18,8.31,13,5.82,2.19,11.0,43.37,5.94,4.45,12.05,11.4,5.24,1.02,0.33,4.8,0.37,18.74,13,44.38,100.87,5.07,3.33,2.47,,,1.76,13.76,12.67,15.34,11.27,,3.09,4.44,25.1,5.04,7.52,4.42,2.53,2.41,,,8.12,11.35,12.28,13.58,12.07,,3.9,4.25,16.64,8.01,13,38.15,7.0,1.0,4.0,2.0,15.34,100.87
2026-02-19,7.19,13,6.52,2.16,10.21,37.58,4.35,4.1,10.13,9.01,3.79,0.99,0.34,3.96,0.36,12.34,11,23.53,24.46,5.51,3.33,2.47,,,,13.11,11.35,16.48,11.34,,3.04,,21.13,5.01,8.68,4.12,2.43,2.41,,,,11.25,12.11,12.99,12.13,,4.0,,13.39,8.05,11,23.03,7.0,1.0,4.0,2.0,16.48,37.58
2026-02-20,10.43,13,7.75,2.58,14.27,53.18,4.5,4.55,15.24,20.16,5.7,1.01,0.35,5.92,0.44,10.17,11,9.14,19.76,5.56,3.33,2.47,,,,13.03,11.27,15.11,11.21,,3.11,,17.83,6.07,8.51,4.19,2.44,2.41,,,,11.24,11.83,12.98,12.2,,3.94,,12.94,8.07,11,21.5,9.0,4.0,3.0,2.0,14.27,53.18
2026-02-21,3.12,13,1.87,0.77,3.0,11.87,2.12,2.44,3.11,12.78,1.02,0.27,0.11,1.08,0.09,9.61,11,9.15,15.58,5.44,3.24,2.46,,,,13.04,11.27,15.1,10.75,,3.18,,16.55,5.8,8.0,4.29,2.43,2.41,,,,11.3,11.83,12.99,12.15,,4.07,,12.45,7.97,11,17.05,5.0,0.0,3.0,2.0,15.1,20.0
2026-02-22,2.3,13,1.82,0.82,2.76,10.83,0.98,2.42,2.19,6.1,0.74,0.29,0.11,0.77,0.1,9.24,11,8.33,13.88,5.31,3.23,2.47,,,,12.97,10.97,15.06,10.64,,3.25,,15.51,5.89,7.8,4.28,2.44,2.41,,,,11.34,10.45,13.08,12.14,,4.46,,12.15,7.86,11,17.14,4.0,0.0,2.0,2.0,15.06,20.0
2026-02-23,10.5,13,5.06,3.46,15.27,23.0,6.74,5.09,42.74,18.35,6.73,1.38,0.53,7.65,0.53,9.22,11,9.32,13.8,5.26,3.38,2.46,,,,12.81,9.59,15.04,10.46,,3.25,,16.03,6.14,8.45,4.25,2.44,2.41,,,,11.07,10.36,13.08,12.17,,4.16,,11.96,7.86,11,21.05,8.0,4.0,2.0,2.0,15.04,42.74
2026-02-24,8.53,13,4.45,5.04,15.0,11.59,4.35,3.89,44.33,11.81,5.87,1.2,0.48,2.68,0.18,8.9,11,9.22,11.95,5.8,3.28,2.47,,,,12.45,9.13,15.07,10.29,,3.3,,14.94,6.36,8.63,4.31,2.44,2.41,,,,10.27,11.46,13.18,12.07,,4.1,,11.68,7.9,11,21.22,6.0,2.0,2.0,2.0,14.94,44.33
2026-02-25,16.54,13,12.45,15.93,31.14,20.56,11.63,7.67,26.99,65.18,8.06,2.69,0.7,11.07,0.88,9.13,11,9.87,12.19,6.42,3.21,2.47,,,,13.36,9.56,15.25,10.01,,3.45,,14.67,6.06,8.85,4.63,2.44,2.41,,,,10.84,12.09,13.22,12.07,,4.14,,10.8,7.96,11,25.3,9.0,5.0,2.0,2.0,14.67,65.18
2026-02-26,11.21,13,8.42,11.15,23.01,14.73,7.07,8.26,13.64,45.34,4.84,2.16,0.51,6.06,0.53,8.6,11,6.43,11.57,5.73,3.25,2.48,,,,12.57,10.24,15.21,9.68,,3.6,,13.88,5.95,8.77,4.96,2.56,2.41,,,,8.51,10.02,13.13,11.5,,4.1,,10.62,7.5,11,22.71,6.0,3.0,1.0,2.0,14.73,45.34
2026-02-27,9.86,13,8.89,9.78,21.01,13.28,6.59,6.88,15.23,31.97,4.8,1.96,0.5,6.88,0.43,8.71,11,6.22,12.64,5.65,3.33,2.48,,,,12.33,11.12,15.11,9.49,,3.66,,13.81,6.24,10.16,4.9,2.76,2.42,,,,8.73,11.63,13.11,11.55,,4.45,,10.39,7.85,11,20.22,6.0,3.0,1.0,2.0,15.11,31.97
2026-02-28,14.64,13,21.7,13.91,25.86,15.71,15.06,7.92,35.65,34.24,9.25,2.35,0.67,7.55,0.42,8.96,11,6.59,12.77,6.01,3.33,2.49,,,,14.15,11.07,15.16,9.25,,3.99,,13.73,6.86,9.58,5.69,2.74,2.42,,,,8.45,11.42,13.05,11.51,,4.22,,10.67,7.87,11,21.55,10.0,6.0,2.0,2.0,14.15,35.65
2026-03-01,16.68,13,25.64,16.46,29.85,19.31,42.18,9.02,15.54,38.61,7.22,2.82,0.72,8.84,0.63,86.27,12,5.19,12.47,5.91,3.29,2.5,,939.26,,13.9,10.99,15.1,8.91,,4.08,,13.66,6.04,8.9,5.5,2.77,2.43,,18.0,,8.44,11.51,13.03,10.93,,4.39,,10.71,8.55,12,99.83,12.0,7.0,2.0,3.0,15.1,939.26
2026-03-02,22.75,13,27.16,17.32,35.42,21.43,38.34,8.99,27.85,96.31,9.08,2.88,0.7,9.61,0.69,20.37,12,5.77,13.1,6.17,3.56,2.59,,145.23,,13.82,12.51,15.21,8.88,,4.16,,13.4,5.93,9.43,5.5,3.13,2.58,,17.8,,8.77,11.97,13.07,11.46,,4.51,,10.68,8.73,12,40.02,12.0,7.0,2.0,3.0,15.21,145.23
2026-03-03,20.57,13,23.46,16.55,37.41,22.65,22.83,8.42,25.26,86.91,8.86,2.67,0.69,10.9,0.82,18.97,12,5.76,14.47,7.27,3.67,2.64,,125.73,,13.44,13.32,15.09,8.73,,4.13,,13.36,6.22,9.41,5.9,3.14,2.65,,17.95,,8.62,11.98,13.05,11.36,,4.3,,10.8,8.78,12,34.34,13.0,7.0,3.0,3.0,14.47,125.73
2026-03-04,25.2,13,30.23,18.65,34.05,31.04,33.28,12.85,65.35,73.49,12.26,3.25,0.76,11.51,0.95,18.7,12,11.28,14.83,7.44,3.66,2.66,,116.23,,12.86,13.44,15.05,9.92,,4.17,,12.82,5.23,8.6,5.84,3.22,2.66,,16.09,,8.32,12.5,12.98,15.4,,4.4,,10.96,8.85,12,37.55,13.0,7.0,3.0,3.0,14.83,116.23
2026-03-05,15.04,13,27.42,13.94,26.32,24.81,22.08,7.55,36.98,20.28,5.25,2.39,0.54,7.24,0.76,16.55,11,10.99,14.18,7.6,3.76,2.67,,61.51,,12.35,13.14,15.01,,,4.11,,36.68,5.24,8.69,6.45,3.36,2.66,,14.79,,8.21,11.96,13.0,,,4.45,,10.78,8.14,11,26.25,13.0,6.0,4.0,3.0,14.18,61.51
2026-03-06,13.6,13,16.62,11.23,27.1,18.84,15.15,6.77,17.61,49.87,5.24,1.89,0.41,5.55,0.49,14.89,11,10.35,12.56,7.39,3.7,2.69,,46.28,,12.47,12.87,14.93,,,4.03,,36.51,4.93,8.57,4.93,3.37,2.7,,14.85,,8.57,12.37,13.08,,,4.37,,10.78,8.05,11,25.54,11.0,6.0,3.0,2.0,14.93,49.87
2026-03-07,4.08,13,4.44,3.55,9.11,5.32,5.48,3.14,4.64,13.6,1.38,0.54,0.13,1.52,0.22,13.13,11,7.18,12.93,7.22,3.74,2.69,,31.07,,12.08,12.72,14.86,,,3.72,,36.27,5.0,9.07,5.17,3.38,2.7,,14.11,,8.61,11.8,12.99,,,4.31,,10.77,7.99,11,24.04,5.0,0.0,3.0,2.0,14.86,36.27
2026-03-08,8.74,13,8.67,8.2,20.41,11.57,12.27,4.84,4.96,31.6,4.83,1.29,0.31,4.33,0.32,12.72,11,7.17,12.91,7.26,3.74,2.68,,26.03,,12.58,12.82,14.81,,,3.69,,36.21,5.89,8.46,5.31,3.38,2.71,,13.66,,9.66,12.12,12.97,,,4.34,,10.75,8.11,11,23.86,7.0,2.0,3.0,2.0,14.81,36.21
2026-03-09,17.26,13,19.56,15.42,34.92,18.38,24.48,6.71,17.25,67.58,8.95,2.54,0.54,7.57,0.54,12.61,11,10.36,13.13,7.39,3.44,2.63,,21.28,,12.77,12.79,14.84,,,3.79,,36.22,6.12,8.29,5.63,2.56,2.71,,13.87,,8.73,12.13,12.94,,,4.81,,10.68,8.04,11,25.66,12.0,7.0,3.0,2.0,14.84,67.58
2026-03-10,19.11,13,17.29,13.96,34.59,23.46,18.01,6.55,43.18,69.91,8.69,2.16,0.47,9.4,0.74,13.22,11,13.88,12.28,11.26,3.47,2.61,,20.5,,13.03,12.94,14.95,,,3.81,,36.72,6.91,8.14,7.27,2.56,2.71,,13.38,,8.53,12.43,13.05,,,4.81,,10.64,8.22,11,28.78,11.0,6.0,3.0,2.0,14.95,69.91
2026-03-11,15.16,13,13.78,14.02,27.4,18.53,17.09,5.38,32.14,52.93,6.39,1.85,0.36,6.64,0.52,12.81,11,12.05,11.6,11.78,3.44,2.6,,18.38,,13.0,12.9,15.04,,,3.91,,36.19,6.59,8.17,6.91,2.56,2.71,,13.46,,8.72,12.43,13.22,,,5.28,,10.56,8.24,11,24.52,11.0,6.0,3.0,2.0,14.02,52.93
2026-03-12,18.61,13,13.89,13.33,26.96,17.18,25.6,7.64,37.46,77.16,15.51,1.63,0.34,4.82,0.42,13.01,11,11.44,11.55,12.05,4.24,2.61,,17.43,,11.85,12.88,15.03,,,3.91,,40.06,5.67,8.15,7.2,2.3,2.67,,13.37,,8.32,12.43,13.14,,,5.0,,10.5,8.07,11,28.22,11.0,6.0,3.0,2.0,15.03,77.16
2026-03-13,16.55,13,21.2,14.07,34.53,26.09,25.25,6.4,39.27,31.51,6.42,2.41,0.51,6.88,0.65,12.92,11,11.09,11.74,11.46,4.41,2.86,,17.08,,11.86,12.87,15.12,,,3.84,,39.75,5.89,8.3,6.34,2.41,2.69,,13.4,,8.64,12.43,13.43,,,4.52,,10.44,8.05,11,25.16,12.0,7.0,3.0,2.0,14.07,39.75
2026-03-14,2.7,13,3.5,2.67,7.57,5.24,3.62,1.56,0.98,6.03,0.98,0.58,0.12,2.1,0.2,12.47,11,8.8,11.1,11.68,5.77,3.08,,16.58,,11.49,12.63,15.06,,,5.23,,35.79,5.58,8.32,7.22,2.49,2.69,,13.34,,8.69,12.6,13.57,,,4.92,,9.92,8.12,11,21.08,5.0,0.0,3.0,2.0,15.06,35.79
2026-03-15,6.81,13,9.79,6.01,15.28,10.51,11.62,3.32,12.54,12.17,2.51,1.08,0.23,3.17,0.32,12.37,11,8.77,10.93,11.23,5.67,3.08,,16.29,,11.25,12.58,15.08,,,5.19,,35.95,5.48,8.06,6.42,2.47,2.69,,13.33,,8.61,12.54,13.4,,,4.55,,9.92,7.95,11,20.1,6.0,1.0,3.0,2.0,15.08,35.95
2026-03-16,17.93,13,25.8,12.68,37.05,24.64,28.69,8.4,42.43,35.9,5.99,2.73,0.66,7.41,0.73,12.0,11,6.63,10.95,7.8,5.57,3.06,,16.85,,11.04,12.54,15.51,,,5.34,,36.69,5.44,8.18,6.2,2.71,2.65,,13.64,,8.93,12.63,13.47,,,4.59,,9.9,8.03,11,27.41,11.0,6.0,3.0,2.0,15.51,42.43
2026-03-17,13.36,13,27.84,5.95,29.58,20.11,17.88,5.77,31.09,20.04,7.85,1.64,0.39,5.06,0.5,11.74,11,5.53,10.6,7.43,5.45,3.06,,16.63,,10.91,12.46,15.39,,,5.29,,36.43,5.08,6.98,6.05,2.73,2.65,,13.23,,8.83,12.53,13.49,,,4.65,,9.89,7.83,11,23.0,11.0,6.0,3.0,2.0,15.39,36.43
2026-03-18,14.52,13,21.8,6.28,22.8,20.56,21.21,6.24,30.26,38.53,13.96,1.61,0.36,4.74,0.42,11.56,11,4.83,9.43,7.19,5.45,3.14,,15.54,,10.62,12.53,15.62,,,5.15,,37.69,5.08,7.18,6.41,2.73,2.66,,13.03,,8.65,12.88,13.73,,,4.51,,9.98,7.89,11,23.82,11.0,6.0,3.0,2.0,15.54,38.53
2026-03-19,15.18,13,20.09,4.69,23.15,22.26,20.69,6.63,20.09,53.8,17.01,1.91,0.4,6.13,0.43,12.39,11,4.35,9.18,7.33,4.72,3.13,,15.3,,10.57,12.53,15.69,,,5.1,,48.44,5.08,7.12,6.83,2.82,2.66,,12.94,,8.6,12.88,13.85,,,4.51,,9.85,7.92,11,24.54,12.0,7.0,3.0,2.0,15.3,53.8
2026-03-20,10.85,13,13.98,3.67,20.69,20.7,16.71,5.14,18.49,23.57,12.13,1.31,0.27,4.04,0.39,12.34,11,4.39,9.07,7.15,4.65,2.91,,17.44,,10.54,12.54,15.82,,,5.09,,46.17,5.02,6.96,6.15,2.56,2.66,,13.99,,8.62,12.84,14.03,,,4.39,,9.52,7.89,11,21.76,10.0,5.0,3.0,2.0,15.82,46.17
2026-03-21,3.26,13,4.06,1.19,6.68,6.71,4.39,2.04,2.82,6.95,4.41,0.49,0.1,2.35,0.17,11.89,11,2.96,8.62,7.23,3.44,2.76,,17.38,,10.25,12.48,15.73,,,4.83,,45.05,3.83,6.93,6.26,2.65,2.67,,13.74,,8.57,12.88,14.05,,,4.68,,9.51,7.8,11,23.23,5.0,0.0,3.0,2.0,15.73,45.05
2026-03-22,7.52,13,10.47,3.27,16.11,14.29,11.68,5.77,7.35,13.72,9.4,1.37,0.31,3.75,0.3,11.92,11,3.96,8.56,7.52,3.74,2.81,,17.32,,10.38,12.49,15.84,,,4.79,,43.71,5.92,7.09,7.48,2.65,2.67,,14.04,,8.93,12.91,14.59,,,4.77,,9.41,8.22,11,20.75,7.0,2.0,3.0,2.0,14.29,43.71
2026-03-23,21.35,13,24.85,9.64,36.53,36.91,36.94,9.05,38.02,44.58,26.06,3.28,0.74,10.17,0.84,12.76,11,12.02,8.53,8.01,3.62,2.74,,17.26,,10.38,12.48,16.17,,,4.69,,44.45,5.43,7.06,7.05,2.65,2.67,,13.91,,9.01,12.9,14.48,,,4.77,,9.39,8.12,11,29.98,12.0,7.0,3.0,2.0,16.17,44.58
2026-03-24,10.27,13,13.99,5.06,19.03,21.46,14.65,5.01,16.76,19.8,11.62,1.44,0.32,3.93,0.4,12.62,11,11.7,8.14,7.88,3.57,2.76,,16.89,,10.36,12.53,16.15,,,4.67,,44.18,5.07,6.98,6.86,2.67,2.56,,13.78,,8.94,13.01,14.41,,,4.57,,9.35,8.02,11,20.69,10.0,5.0,3.0,2.0,14.65,44.18
2026-03-25,9.88,13,11.49,4.52,14.95,19.25,12.29,3.83,25.14,20.55,10.6,0.97,0.22,4.25,0.41,12.5,11,9.28,7.57,7.43,3.86,2.91,,17.07,,10.38,12.51,16.83,,,5.32,,44.36,4.78,7.06,6.46,2.97,2.68,,13.78,,8.8,13.0,14.44,,,4.35,,9.33,7.97,11,21.79,9.0,4.0,3.0,2.0,14.95,44.36
2026-03-26,8.15,13,10.01,5.77,15.49,15.17,17.46,4.27,7.4,15.72,9.54,1.19,0.27,3.35,0.32,9.0,11,4.85,7.65,7.4,3.78,2.93,,16.29,,10.38,12.59,16.56,,,5.24,,11.33,4.37,7.18,7.18,2.96,2.73,,13.7,,8.92,13.25,14.4,,,4.17,,9.42,8.03,11,16.84,8.0,4.0,2.0,2.0,15.17,20.0
2026-03-27,7.79,13,8.08,4.35,15.16,13.67,14.67,4.05,5.96,16.67,12.99,1.08,0.26,4.01,0.33,11.14,11,4.75,7.55,7.15,3.76,2.93,,14.89,,10.37,12.58,16.58,,,5.31,,36.63,4.38,7.26,6.59,2.96,2.73,,13.73,,8.89,13.25,14.45,,,4.73,,9.45,8.04,11,19.08,8.0,3.0,3.0,2.0,14.67,36.63
2026-03-28,2.57,13,3.58,2.27,4.89,4.67,4.61,1.9,0.41,4.7,3.82,0.48,0.11,1.83,0.12,10.85,11,3.1,7.45,6.53,3.56,2.98,,15.11,,10.27,12.7,17.04,,,4.34,,36.26,4.39,7.28,6.94,2.97,2.73,,14.55,,8.86,13.59,14.51,,,4.77,,9.45,8.19,11,21.28,5.0,0.0,3.0,2.0,15.11,36.26
2026-03-29,5.23,13,9.05,2.57,7.55,6.9,8.55,2.66,8.04,11.11,7.98,0.59,0.15,2.68,0.16,10.43,11,2.93,7.39,6.36,3.31,2.91,,15.15,,10.12,12.74,16.84,,,4.31,,32.66,4.39,7.29,6.9,2.98,2.73,,14.97,,8.9,13.7,14.51,,,4.58,,9.43,8.22,11,20.53,5.0,0.0,3.0,2.0,15.15,32.66
2026-03-30,9.65,13,19.95,6.63,15.1,14.53,15.72,5.43,9.07,17.96,12.99,1.41,0.34,5.87,0.43,10.48,11,3.47,7.38,8.25,3.3,2.87,,14.15,,10.12,12.8,16.48,,,4.12,,32.37,4.55,7.3,6.81,2.98,2.72,,14.89,,8.86,13.34,14.41,,,4.55,,9.41,8.17,11,18.43,10.0,5.0,3.0,2.0,14.15,32.37
2026-03-31,12.76,13,20.19,8.96,21.27,20.46,15.95,6.94,15.7,28.07,18.81,1.91,0.46,6.66,0.52,10.5,11,2.95,6.68,9.79,3.17,2.76,,15.92,,10.07,12.77,15.44,,,3.92,,31.98,5.4,7.33,7.67,2.73,2.76,,14.77,,8.86,13.34,13.93,,,4.74,,9.4,8.27,11,20.15,12.0,7.0,3.0,2.0,15.44,31.98
2026-04-01,9.64,13,21.83,6.29,15.11,14.54,15.36,10.47,7.98,19.12,9.08,1.42,0.3,3.54,0.34,3.92,11,3.99,6.7,10.01,3.03,2.55,,15.87,,10.23,12.76,14.16,,,-68.33,,32.1,5.54,7.64,7.34,2.78,2.6,,14.85,,8.97,13.33,13.99,,,-71.86,,9.4,1.33,11,18.61,10.0,5.0,3.0,2.0,14.16,32.1
