date,portfolio_lp_apy_pct,min,max,active_markets,strategy
2025-11-01,5.4823178966903,2.8165954851210784,9.541698110992542,4,Pendle_LP
2025-11-02,4.064591867893992,2.81020549115447,6.450810722394132,4,Pendle_LP
2025-11-03,3.9015800099841407,2.847293348045263,6.379226387274076,4,Pendle_LP
2025-11-04,5.6738283084499885,2.8777145450810107,11.041101190988115,5,Pendle_LP
2025-11-05,5.750171396892624,2.936368016303561,10.964606812197978,5,Pendle_LP
2025-11-06,5.251468958383112,2.467605447227214,11.37796188081478,5,Pendle_LP
2025-11-07,5.259451385730384,2.5338640349277375,11.389290538548469,5,Pendle_LP
2025-11-08,5.287678480370014,2.832961528237087,11.390006883962906,5,Pendle_LP
2025-11-09,6.262228170168626,2.830724726011348,11.3887248103969,5,Pendle_LP
2025-11-10,6.264161987264489,2.811443581222925,11.399308114355408,5,Pendle_LP
2025-11-11,6.124260608301141,2.7987313779107437,11.373851714957516,5,Pendle_LP
2025-11-12,6.361179678160097,3.5348125679377396,11.36719016342232,5,Pendle_LP
2025-11-13,6.300503258448188,2.0747426510403093,16.39904403066535,5,Pendle_LP
2025-11-14,6.021521756533547,1.795300119195458,15.410738947168731,5,Pendle_LP
2025-11-15,6.142494437776986,1.8431118698428095,15.762587061840632,5,Pendle_LP
2025-11-16,6.042583144408186,1.3037570133951226,15.848772834038122,5,Pendle_LP
2025-11-17,5.934525575317977,1.416180879710078,15.36388219711378,5,Pendle_LP
2025-11-18,5.97327612061779,1.3234880393623198,15.55270868824062,5,Pendle_LP
2025-11-19,5.636698957057514,1.2965848537592215,15.343732992454164,5,Pendle_LP
2025-11-20,4.635057984011217,1.165482680787975,10.328589863095813,5,Pendle_LP
2025-11-21,4.804057827833703,1.3656916333500964,11.2130903335182,5,Pendle_LP
2025-11-22,4.82497662055597,1.2146691002045344,11.23719089665618,5,Pendle_LP
2025-11-23,4.861398704464062,1.1958318124352458,11.376475205545155,5,Pendle_LP
2025-11-24,4.851615853663208,1.1963566892570467,11.493950650222931,5,Pendle_LP
2025-11-25,4.876329190764865,1.1064461444877114,11.597716887161596,5,Pendle_LP
2025-11-26,4.7925714719583805,1.1761136924350015,10.977152799501765,5,Pendle_LP
2025-11-27,5.037524581533433,2.8252821888049633,10.346890375853848,6,Pendle_LP
2025-11-28,5.2460584815643125,2.7395365335796544,10.924469177910652,7,Pendle_LP
2025-11-29,5.190077244585219,2.7277365138226184,11.152979930742053,7,Pendle_LP
2025-11-30,5.133288015861757,2.7222206000832654,11.031156533422331,7,Pendle_LP
2025-12-01,5.139904825968607,2.727404073295793,11.070230688513709,7,Pendle_LP
2025-12-02,8.460451045316148,2.7563071918260613,29.496148659120564,7,Pendle_LP
2025-12-03,8.024390618956584,2.766998467522801,25.954243357646444,7,Pendle_LP
2025-12-04,8.739967384006846,2.680468123102454,27.559329859554303,7,Pendle_LP
2025-12-05,8.05518893962777,2.867351670054043,25.912379810416663,7,Pendle_LP
2025-12-06,7.971013704548965,2.8893973502249364,25.598068585900464,7,Pendle_LP
2025-12-07,7.826537781430095,2.7671282879568446,25.263131219542835,7,Pendle_LP
2025-12-08,7.782245350311735,2.804714332538985,25.21686285705456,7,Pendle_LP
2025-12-09,5.470336743440323,2.752954455484309,10.824392468926144,7,Pendle_LP
2025-12-10,5.687433420096808,2.713419910694771,11.20502480175003,7,Pendle_LP
2025-12-11,7.78761070331262,1.263736343237447,22.77772652065734,8,Pendle_LP
2025-12-12,7.536310034044233,1.3089673099015358,20.404033853801433,8,Pendle_LP
2025-12-13,7.609773179944426,1.3054264899683263,19.53253052367737,8,Pendle_LP
2025-12-14,7.729383046212563,1.2128468397843255,19.08009515380037,8,Pendle_LP
2025-12-15,12.063162536406884,1.469609228935009,52.43316032306418,8,Pendle_LP
2025-12-16,9.204869093063845,1.400110457828272,29.825112119945977,8,Pendle_LP
2025-12-17,8.979640359446512,1.3534932526762071,28.69029544486067,8,Pendle_LP
2025-12-18,9.319112248947437,1.100440568731068,26.632244086082626,9,Pendle_LP
2025-12-19,8.299373453849022,1.2187152503500944,24.033655234195788,9,Pendle_LP
2025-12-20,7.547797462563439,1.430971639918015,22.90382224363502,9,Pendle_LP
2025-12-21,7.284672177213843,1.420243410577337,21.831475112311495,9,Pendle_LP
2025-12-22,6.875801935602053,1.4572165055366135,18.59772283123085,9,Pendle_LP
2025-12-23,6.702673967113914,1.3934025368403808,18.219210689845493,9,Pendle_LP
2025-12-24,6.6051856201283705,1.3469367508701242,18.34486961199215,9,Pendle_LP
2025-12-25,7.544138331589573,0.5403375972621998,21.85168940709535,9,Pendle_LP
2025-12-26,8.5810230688666,0.5619742268563518,28.176753098601935,9,Pendle_LP
2025-12-27,8.525628807083468,0.5160302805186734,27.8923476108167,9,Pendle_LP
2025-12-28,8.487685217499738,0.4827597746908608,27.909217131745816,9,Pendle_LP
2025-12-29,8.672649028370154,0.5352187984684353,27.069557264121485,9,Pendle_LP
2025-12-30,8.317068362910785,0.5266011952299768,24.838439208685095,9,Pendle_LP
2025-12-31,7.5959735684287555,0.5370908948120213,22.24572294351663,10,Pendle_LP
2026-01-01,8.97952456848733,0.8023161588898245,32.40487215718367,10,Pendle_LP
2026-01-02,9.12282863681042,0.8463311595692941,35.55128336207582,10,Pendle_LP
2026-01-03,9.093007453536348,0.8517629901736727,35.26847856227067,10,Pendle_LP
2026-01-04,9.05475980155729,0.8402664826166537,35.37567759762128,10,Pendle_LP
2026-01-05,8.604618362884105,0.8479488361909179,33.86564337410237,10,Pendle_LP
2026-01-06,8.41449491344799,0.85092883081491,32.50260478950045,10,Pendle_LP
2026-01-07,8.10027655841152,0.8188059365899454,30.72595790624416,10,Pendle_LP
2026-01-08,6.734736640768245,0.1272003236211354,16.912610791599377,10,Pendle_LP
2026-01-09,6.279864709436923,0.1271269645411322,15.57908616476838,10,Pendle_LP
2026-01-10,6.224881267215602,0.1265005318944985,15.593217923970888,10,Pendle_LP
2026-01-11,6.273553906168629,0.1295994404243584,15.708670616360395,10,Pendle_LP
2026-01-12,6.107040002194644,0.1271998885764755,15.59479917920537,10,Pendle_LP
2026-01-13,6.125391910123756,0.1104304953011715,16.125155333077217,10,Pendle_LP
2026-01-14,6.196284565812446,0.1095185522976677,16.34850658739517,10,Pendle_LP
2026-01-15,5.817178442172162,0.10296623738132,14.77144093095999,10,Pendle_LP
2026-01-16,6.217764098019342,0.1033574590927017,14.734324802486196,11,Pendle_LP
2026-01-17,6.259009771475696,0.1029957952586823,14.6880232860062,11,Pendle_LP
2026-01-18,6.2331868736508715,0.1056742656280264,14.59182718685465,11,Pendle_LP
2026-01-19,6.183653050630548,0.1027298929612753,14.543548797367675,11,Pendle_LP
2026-01-20,7.369191261970144,0.0997022015898683,18.905654816968585,11,Pendle_LP
2026-01-21,7.436502748804096,0.1019523054299907,18.723725534470407,11,Pendle_LP
2026-01-22,7.719218045792666,0.1356533222962056,20.84116731597915,11,Pendle_LP
2026-01-23,7.623595648261979,0.1296361873155465,20.618410883276304,11,Pendle_LP
2026-01-24,7.607766533260832,0.1292904493196757,20.46553147716618,11,Pendle_LP
2026-01-25,7.603511622331783,0.1284036590929319,20.283387777660657,11,Pendle_LP
2026-01-26,7.648517297017528,0.1275210748833424,20.106785623099658,11,Pendle_LP
2026-01-27,6.652547613237457,0.128091313729131,16.05886976398516,11,Pendle_LP
2026-01-28,6.553949098042081,0.1284727836066344,16.004998923139002,11,Pendle_LP
2026-01-29,7.624118142642291,0.0535481151080606,18.457778779178348,11,Pendle_LP
2026-01-30,7.51834564932393,0.0479003335936411,18.305350311517778,11,Pendle_LP
2026-01-31,7.277774241930135,0.0480946865711906,17.61705185333479,11,Pendle_LP
2026-02-01,7.246983145487795,0.0498851333115783,17.279991615829324,11,Pendle_LP
2026-02-02,7.199551917447544,0.0497774166152783,16.681752110494074,11,Pendle_LP
2026-02-03,7.327262955869765,0.0497997262626865,17.078521969205607,11,Pendle_LP
2026-02-04,3.3135599638194164,-52.04027979584037,21.048346478066353,11,Pendle_LP
2026-02-05,7.566993852681318,0.0449434437128183,16.490446431127996,9,Pendle_LP
2026-02-06,7.6963136123540306,0.0364533778701718,16.852987295567253,9,Pendle_LP
2026-02-07,7.487860736781965,0.0391945816023538,16.339953255328858,9,Pendle_LP
2026-02-08,16.201947234909664,0.0297811088596282,94.4762241634028,10,Pendle_LP
2026-02-09,16.13083293070118,0.0385808754609862,93.03818684807013,10,Pendle_LP
2026-02-10,12.942053816318374,0.0345037112914067,58.57683565871685,10,Pendle_LP
2026-02-11,8.676700959494008,0.0348186049440995,19.195456951470085,10,Pendle_LP
2026-02-12,9.272812007564442,0.0450265405437005,24.95902885484671,11,Pendle_LP
2026-02-13,61.59894171544985,0.0281207463478526,639.0212022640839,12,Pendle_LP
2026-02-14,46.34764511430789,0.0195930027310272,461.63455462974434,12,Pendle_LP
2026-02-15,48.68429383483962,0.0292861037768276,442.841445024909,13,Pendle_LP
2026-02-16,40.248115442361,0.0006486729562435,336.2299573231524,13,Pendle_LP
2026-02-17,19.02930894475677,1.2598750275182504,106.09354532204767,13,Pendle_LP
2026-02-18,18.73567302411779,1.764977679689112,100.8740603059371,13,Pendle_LP
2026-02-19,12.33985250338934,2.467714436530124,24.45684190454309,11,Pendle_LP
2026-02-20,10.165340655977475,2.470815018058958,19.75661703501135,11,Pendle_LP
2026-02-21,9.614368601061448,2.4641970795713934,16.554139108471077,11,Pendle_LP
2026-02-22,9.238131434151875,2.4658253724688373,15.512088063480412,11,Pendle_LP
2026-02-23,9.218004987828536,2.4624153575302303,16.029626400940188,11,Pendle_LP
2026-02-24,8.900025899637804,2.4690598490905034,15.0682886024173,11,Pendle_LP
2026-02-25,9.133398320643284,2.4681945170719053,15.253877626375292,11,Pendle_LP
2026-02-26,8.601635772356973,2.480619313409166,15.206755731396235,11,Pendle_LP
2026-02-27,8.713573698650617,2.482007193457783,15.107909195222955,11,Pendle_LP
2026-02-28,8.959683290055226,2.490626187457478,15.163165429391562,11,Pendle_LP
2026-03-01,86.27071020226339,2.497406576839404,939.2562495142906,12,Pendle_LP
2026-03-02,20.367095194818187,2.5927374635970835,145.2314223739284,12,Pendle_LP
2026-03-03,18.967940343655197,2.6423005352722178,125.72948029946728,12,Pendle_LP
2026-03-04,18.697429659793297,2.6627763772685697,116.23258686650284,12,Pendle_LP
2026-03-05,16.5466585105642,2.6689745812865,61.513588349350165,11,Pendle_LP
2026-03-06,14.888422108723745,2.686922696971419,46.27893927449994,11,Pendle_LP
2026-03-07,13.132749578761866,2.6857182355276494,36.26628933837745,11,Pendle_LP
2026-03-08,12.718362145048077,2.6849443568966924,36.2118545092751,11,Pendle_LP
2026-03-09,12.605243182776887,2.6310560347081013,36.22286093621607,11,Pendle_LP
2026-03-10,13.222647919645691,2.607286908618241,36.72404849159628,11,Pendle_LP
2026-03-11,12.807680496864402,2.596552784240135,36.18948582072131,11,Pendle_LP
2026-03-12,13.0058964708085,2.612820483251415,40.06380584515188,11,Pendle_LP
2026-03-13,12.916068785402734,2.8565368881065383,39.747905489345435,11,Pendle_LP
2026-03-14,12.472624084333642,3.078315281268561,35.79073240569451,11,Pendle_LP
2026-03-15,12.365959606019244,3.0760062861946498,35.95451072653019,11,Pendle_LP
2026-03-16,11.998646796845048,3.0590159034870523,36.68556307178966,11,Pendle_LP
2026-03-17,11.742863947461403,3.0587912228152545,36.430425699626454,11,Pendle_LP
2026-03-18,11.562818966440034,3.1442664180691184,37.69140124519065,11,Pendle_LP
2026-03-19,12.394085559190588,3.133536517434564,48.44022841531888,11,Pendle_LP
2026-03-20,12.343590111550737,2.9052173696124264,46.171570761273045,11,Pendle_LP
2026-03-21,11.88574412373153,2.757554144133868,45.052156266445195,11,Pendle_LP
2026-03-22,11.919535178769257,2.813758076052401,43.70880819888755,11,Pendle_LP
2026-03-23,12.760622171219087,2.741778679003945,44.44866486059438,11,Pendle_LP
2026-03-24,12.621692714467402,2.760666978937408,44.18206679951723,11,Pendle_LP
2026-03-25,12.500823719740236,2.9078592406212413,44.35696186842581,11,Pendle_LP
2026-03-26,9.000439998274372,2.92610069724758,16.559294828738153,11,Pendle_LP
2026-03-27,11.13715765065552,2.928579173132704,36.63020446354293,11,Pendle_LP
2026-03-28,10.848794768843572,2.9771167884724994,36.26483217935151,11,Pendle_LP
2026-03-29,10.430163698226812,2.9128471302558476,32.65508127399839,11,Pendle_LP
2026-03-30,10.483209139431137,2.8744359543254556,32.36628896435231,11,Pendle_LP
2026-03-31,10.496662117939595,2.761101922303359,31.983423337438676,11,Pendle_LP
2026-04-01,3.916220271233733,-68.32512739521525,32.09953914200618,11,Pendle_LP
