date,position_id,position_type,apy_pct
2025-11-02,mainnet WBTC/USDC,Uniswap_MM,16.827488002676596
2025-11-02,mainnet WBTC/USDT,Uniswap_MM,26.819701902599917
2025-11-02,unichain ETH/USDC,Uniswap_MM,17.700637551289912
2025-11-03,arbitrum ETH/USDC,Uniswap_MM,29.071351000249106
2025-11-03,arbitrum ETH/USDT,Uniswap_MM,28.169736208734513
2025-11-03,mainnet ETH/USDC,Uniswap_MM,41.65108673962
2025-11-03,mainnet ETH/USDT,Uniswap_MM,20.011766866019972
2025-11-03,mainnet WBTC/USDC,Uniswap_MM,271.64783650587174
2025-11-03,mainnet WBTC/USDT,Uniswap_MM,227.3806725448752
2025-11-03,unichain ETH/USDC,Uniswap_MM,48.731551635666534
2025-11-03,unichain ETH/USDT,Uniswap_MM,16.78488740023612
2025-11-03,unichain WBTC/USDC,Uniswap_MM,14.961654258793295
2025-11-03,unichain WBTC/USDT,Uniswap_MM,28.48945434521033
2025-11-04,arbitrum ETH/USDC,Uniswap_MM,40.6013605555295
2025-11-04,arbitrum ETH/USDT,Uniswap_MM,39.04821012477046
2025-11-04,arbitrum WBTC/USDC,Uniswap_MM,26.16842596825557
2025-11-04,mainnet ETH/USDC,Uniswap_MM,57.55794067243839
2025-11-04,mainnet ETH/USDT,Uniswap_MM,35.91346749854138
2025-11-04,mainnet WBTC/USDC,Uniswap_MM,249.58542385800783
2025-11-04,mainnet WBTC/USDT,Uniswap_MM,286.999517243158
2025-11-04,unichain ETH/USDC,Uniswap_MM,60.19837814386756
2025-11-04,unichain ETH/USDT,Uniswap_MM,27.684165054480715
2025-11-04,unichain WBTC/USDC,Uniswap_MM,17.96784970860881
2025-11-04,unichain WBTC/USDT,Uniswap_MM,46.750232253675925
2025-11-05,arbitrum ETH/USDC,Uniswap_MM,26.63440996297316
2025-11-05,arbitrum ETH/USDT,Uniswap_MM,18.656951964653747
2025-11-05,arbitrum WBTC/USDC,Uniswap_MM,42.456437355561675
2025-11-05,mainnet ETH/USDC,Uniswap_MM,20.33750714596908
2025-11-05,mainnet WBTC/USDC,Uniswap_MM,14.58731072235104
2025-11-05,mainnet WBTC/USDT,Uniswap_MM,157.3472838740343
2025-11-05,unichain ETH/USDC,Uniswap_MM,34.320997119646464
2025-11-05,unichain WBTC/USDT,Uniswap_MM,24.703013871709636
2025-11-06,arbitrum ETH/USDC,Uniswap_MM,25.4626352214176
2025-11-06,arbitrum ETH/USDT,Uniswap_MM,17.392761757895524
2025-11-06,arbitrum WBTC/USDC,Uniswap_MM,44.660250339355514
2025-11-06,mainnet ETH/USDC,Uniswap_MM,17.730587680469554
2025-11-06,mainnet WBTC/USDC,Uniswap_MM,15.592254470012442
2025-11-06,mainnet WBTC/USDT,Uniswap_MM,176.21877546386582
2025-11-06,unichain ETH/USDC,Uniswap_MM,36.07774805066104
2025-11-06,unichain WBTC/USDT,Uniswap_MM,21.836875355408093
2025-11-07,arbitrum ETH/USDC,Uniswap_MM,29.92675388906466
2025-11-07,arbitrum ETH/USDT,Uniswap_MM,19.140056737096284
2025-11-07,arbitrum WBTC/USDC,Uniswap_MM,40.189584119525215
2025-11-07,mainnet ETH/USDC,Uniswap_MM,38.894916799347854
2025-11-07,mainnet ETH/USDT,Uniswap_MM,37.55827284104129
2025-11-07,mainnet WBTC/USDC,Uniswap_MM,17.931958957367794
2025-11-07,mainnet WBTC/USDT,Uniswap_MM,168.13064073481138
2025-11-07,unichain ETH/USDC,Uniswap_MM,42.952025512337414
2025-11-07,unichain ETH/USDT,Uniswap_MM,14.730655645647376
2025-11-07,unichain WBTC/USDT,Uniswap_MM,20.362619367820443
2025-11-08,arbitrum ETH/USDC,Uniswap_MM,16.511278044341495
2025-11-08,arbitrum WBTC/USDC,Uniswap_MM,20.90330039269799
2025-11-08,mainnet ETH/USDC,Uniswap_MM,15.328288562409902
2025-11-08,mainnet ETH/USDT,Uniswap_MM,22.329378623742898
2025-11-08,mainnet WBTC/USDT,Uniswap_MM,44.26037340172451
2025-11-08,unichain ETH/USDC,Uniswap_MM,18.555477675250685
2025-11-09,arbitrum ETH/USDC,Uniswap_MM,19.135503571804115
2025-11-09,arbitrum ETH/USDT,Uniswap_MM,15.670774361630135
2025-11-09,arbitrum WBTC/USDC,Uniswap_MM,31.136166246181645
2025-11-09,mainnet ETH/USDC,Uniswap_MM,23.405315388114573
2025-11-09,mainnet ETH/USDT,Uniswap_MM,15.626880916409243
2025-11-09,mainnet WBTC/USDC,Uniswap_MM,17.588313943427156
2025-11-09,mainnet WBTC/USDT,Uniswap_MM,121.10330765756204
2025-11-09,unichain ETH/USDC,Uniswap_MM,21.80229481657925
2025-11-10,arbitrum ETH/USDC,Uniswap_MM,25.022800184292933
2025-11-10,arbitrum ETH/USDT,Uniswap_MM,21.431890129155505
2025-11-10,arbitrum WBTC/USDC,Uniswap_MM,18.91433063206445
2025-11-10,mainnet ETH/USDC,Uniswap_MM,23.937198871894218
2025-11-10,mainnet WBTC/USDC,Uniswap_MM,19.012294726689376
2025-11-10,mainnet WBTC/USDT,Uniswap_MM,37.61466250235121
2025-11-10,unichain ETH/USDC,Uniswap_MM,25.89630373464952
2025-11-11,arbitrum ETH/USDC,Uniswap_MM,25.84816708519147
2025-11-11,arbitrum ETH/USDT,Uniswap_MM,22.076748645086195
2025-11-11,arbitrum WBTC/USDC,Uniswap_MM,19.436198259786032
2025-11-11,mainnet ETH/USDC,Uniswap_MM,27.391472154546808
2025-11-11,mainnet ETH/USDT,Uniswap_MM,30.258640912494357
2025-11-11,mainnet WBTC/USDC,Uniswap_MM,16.93396792268234
2025-11-11,mainnet WBTC/USDT,Uniswap_MM,51.233035873846774
2025-11-11,unichain ETH/USDC,Uniswap_MM,27.306385655114777
2025-11-11,unichain WBTC/USDT,Uniswap_MM,14.105169169681522
2025-11-12,arbitrum ETH/USDC,Uniswap_MM,32.7622682645732
2025-11-12,arbitrum ETH/USDT,Uniswap_MM,23.865982856178327
2025-11-12,arbitrum WBTC/USDC,Uniswap_MM,24.011253499431437
2025-11-12,mainnet ETH/USDC,Uniswap_MM,39.05570998058189
2025-11-12,mainnet ETH/USDT,Uniswap_MM,29.15388380743468
2025-11-12,mainnet WBTC/USDC,Uniswap_MM,14.353130055072649
2025-11-12,mainnet WBTC/USDT,Uniswap_MM,41.5127516036843
2025-11-12,unichain ETH/USDC,Uniswap_MM,30.342997304936976
2025-11-13,arbitrum ETH/USDC,Uniswap_MM,57.84635483818763
2025-11-13,arbitrum ETH/USDT,Uniswap_MM,33.1567277084846
2025-11-13,arbitrum WBTC/USDC,Uniswap_MM,49.16782260154837
2025-11-13,arbitrum WBTC/USDT,Uniswap_MM,82.30423878261092
2025-11-13,ethereum PT-ynRWAx-15OCT2026,Pendle_LP,16.39904403066535
2025-11-13,mainnet ETH/USDC,Uniswap_MM,79.21168077767929
2025-11-13,mainnet ETH/USDT,Uniswap_MM,14.347133895848648
2025-11-13,mainnet WBTC/USDC,Uniswap_MM,23.204916102410785
2025-11-13,mainnet WBTC/USDT,Uniswap_MM,63.60853519958711
2025-11-13,unichain ETH/USDC,Uniswap_MM,51.760725313208546
2025-11-13,unichain ETH/USDT,Uniswap_MM,19.36065347536778
2025-11-13,unichain WBTC/USDC,Uniswap_MM,76.148609346094
2025-11-13,unichain WBTC/USDT,Uniswap_MM,22.91170178598317
2025-11-14,arbitrum ETH/USDC,Uniswap_MM,59.660605957122016
2025-11-14,arbitrum ETH/USDT,Uniswap_MM,32.420050285471326
2025-11-14,arbitrum WBTC/USDC,Uniswap_MM,80.87680415709295
2025-11-14,ethereum PT-ynRWAx-15OCT2026,Pendle_LP,15.410738947168731
2025-11-14,mainnet ETH/USDC,Uniswap_MM,99.39385445567946
2025-11-14,mainnet WBTC/USDC,Uniswap_MM,23.295156713121344
2025-11-14,mainnet WBTC/USDT,Uniswap_MM,99.31145231588118
2025-11-14,unichain ETH/USDC,Uniswap_MM,62.7350180754212
2025-11-14,unichain ETH/USDT,Uniswap_MM,17.88823864337577
2025-11-14,unichain WBTC/USDC,Uniswap_MM,22.293831305321483
2025-11-14,unichain WBTC/USDT,Uniswap_MM,29.571013198949753
2025-11-15,arbitrum ETH/USDC,Uniswap_MM,15.797322810024475
2025-11-15,arbitrum WBTC/USDC,Uniswap_MM,22.217905099710407
2025-11-15,ethereum PT-ynRWAx-15OCT2026,Pendle_LP,15.762587061840632
2025-11-15,mainnet ETH/USDC,Uniswap_MM,21.029822272542653
2025-11-15,unichain ETH/USDC,Uniswap_MM,18.74233861161589
2025-11-16,arbitrum ETH/USDC,Uniswap_MM,31.16529085395857
2025-11-16,arbitrum ETH/USDT,Uniswap_MM,15.258803520459916
2025-11-16,arbitrum WBTC/USDC,Uniswap_MM,30.886641138452
2025-11-16,ethereum PT-ynRWAx-15OCT2026,Pendle_LP,15.848772834038122
2025-11-16,mainnet ETH/USDC,Uniswap_MM,55.34115974734944
2025-11-16,mainnet WBTC/USDT,Uniswap_MM,44.27831861939591
2025-11-16,unichain ETH/USDC,Uniswap_MM,37.61135634553898
2025-11-16,unichain WBTC/USDT,Uniswap_MM,14.63670173928524
2025-11-17,arbitrum ETH/USDC,Uniswap_MM,42.00656462761564
2025-11-17,arbitrum ETH/USDT,Uniswap_MM,18.472674086933687
2025-11-17,arbitrum WBTC/USDC,Uniswap_MM,60.04242372286708
2025-11-17,arbitrum WBTC/USDT,Uniswap_MM,14.991109575598957
2025-11-17,ethereum PT-ynRWAx-15OCT2026,Pendle_LP,15.36388219711378
2025-11-17,mainnet ETH/USDC,Uniswap_MM,61.77331970871124
2025-11-17,mainnet WBTC/USDC,Uniswap_MM,15.288336332528129
2025-11-17,mainnet WBTC/USDT,Uniswap_MM,63.74474851644123
2025-11-17,unichain ETH/USDC,Uniswap_MM,42.7280192911689
2025-11-17,unichain WBTC/USDC,Uniswap_MM,21.638383034737732
2025-11-17,unichain WBTC/USDT,Uniswap_MM,21.000526361480993
2025-11-18,arbitrum ETH/USDC,Uniswap_MM,34.181598020745625
2025-11-18,arbitrum ETH/USDT,Uniswap_MM,16.752344187433305
2025-11-18,arbitrum WBTC/USDC,Uniswap_MM,60.600629852622546
2025-11-18,arbitrum WBTC/USDT,Uniswap_MM,39.505710611551066
2025-11-18,ethereum PT-ynRWAx-15OCT2026,Pendle_LP,15.55270868824062
2025-11-18,mainnet ETH/USDC,Uniswap_MM,56.912121467977194
2025-11-18,mainnet WBTC/USDC,Uniswap_MM,27.560604599642065
2025-11-18,mainnet WBTC/USDT,Uniswap_MM,58.050916120275744
2025-11-18,unichain ETH/USDC,Uniswap_MM,34.15837493796273
2025-11-18,unichain ETH/USDT,Uniswap_MM,14.497373683707671
2025-11-18,unichain WBTC/USDC,Uniswap_MM,20.178372076641026
2025-11-18,unichain WBTC/USDT,Uniswap_MM,16.144937466707635
2025-11-19,arbitrum ETH/USDC,Uniswap_MM,29.844614841683608
2025-11-19,arbitrum WBTC/USDC,Uniswap_MM,41.586051476971846
2025-11-19,ethereum PT-ynRWAx-15OCT2026,Pendle_LP,15.343732992454164
2025-11-19,mainnet ETH/USDC,Uniswap_MM,47.08027217153072
2025-11-19,mainnet ETH/USDT,Uniswap_MM,14.216187299970947
2025-11-19,mainnet WBTC/USDT,Uniswap_MM,57.363743127252675
2025-11-19,unichain ETH/USDC,Uniswap_MM,22.2509333354482
2025-11-19,unichain WBTC/USDC,Uniswap_MM,17.76455436887014
2025-11-19,unichain WBTC/USDT,Uniswap_MM,14.074577199583416
2025-11-20,arbitrum ETH/USDC,Uniswap_MM,24.454514335937745
2025-11-20,arbitrum WBTC/USDC,Uniswap_MM,54.76217651671376
2025-11-20,mainnet ETH/USDC,Uniswap_MM,39.310158213928574
2025-11-20,mainnet ETH/USDT,Uniswap_MM,16.694891577577035
2025-11-20,mainnet WBTC/USDT,Uniswap_MM,63.285267269877274
2025-11-20,unichain ETH/USDC,Uniswap_MM,20.672885446898032
2025-11-20,unichain WBTC/USDC,Uniswap_MM,19.82139373873293
2025-11-20,unichain WBTC/USDT,Uniswap_MM,19.25951829314133
2025-11-21,arbitrum ETH/USDC,Uniswap_MM,35.91387651704772
2025-11-21,arbitrum ETH/USDT,Uniswap_MM,19.699698072662812
2025-11-21,arbitrum WBTC/USDC,Uniswap_MM,88.62799373877964
2025-11-21,mainnet ETH/USDC,Uniswap_MM,72.76590780434597
2025-11-21,mainnet ETH/USDT,Uniswap_MM,23.098679716442906
2025-11-21,mainnet WBTC/USDC,Uniswap_MM,22.729489587982275
2025-11-21,mainnet WBTC/USDT,Uniswap_MM,117.25894027017657
2025-11-21,unichain ETH/USDC,Uniswap_MM,25.72787007606692
2025-11-21,unichain WBTC/USDC,Uniswap_MM,40.91787818580087
2025-11-21,unichain WBTC/USDT,Uniswap_MM,34.87894959494523
2025-11-22,arbitrum WBTC/USDC,Uniswap_MM,29.839778458856188
2025-11-23,arbitrum WBTC/USDC,Uniswap_MM,31.318108469247623
2025-11-24,arbitrum ETH/USDC,Uniswap_MM,23.584000163270687
2025-11-24,arbitrum WBTC/USDC,Uniswap_MM,49.73558565921967
2025-11-24,mainnet ETH/USDC,Uniswap_MM,19.66483542149409
2025-11-24,mainnet WBTC/USDT,Uniswap_MM,18.535470699800317
2025-11-24,unichain WBTC/USDC,Uniswap_MM,24.119491978550897
2025-11-24,unichain WBTC/USDT,Uniswap_MM,16.241410566201473
2025-11-25,arbitrum ETH/USDC,Uniswap_MM,22.556524577145744
2025-11-25,arbitrum WBTC/USDC,Uniswap_MM,34.536737603510446
2025-11-25,mainnet ETH/USDC,Uniswap_MM,17.319191848419482
2025-11-25,unichain WBTC/USDC,Uniswap_MM,15.206810242505464
2025-11-26,arbitrum ETH/USDC,Uniswap_MM,16.293462482235427
2025-11-26,arbitrum WBTC/USDC,Uniswap_MM,31.415366129760393
2025-11-27,arbitrum ETH/USDT,Uniswap_MM,25.139449119006972
2025-11-27,arbitrum WBTC/USDC,Uniswap_MM,20.419770652986266
2025-11-28,arbitrum ETH/USDC,Uniswap_MM,17.516122793908416
2025-11-28,arbitrum ETH/USDT,Uniswap_MM,35.79074362344852
2025-11-28,arbitrum WBTC/USDC,Uniswap_MM,27.87451259526098
2025-11-28,ethereum PT-sNUSD-5MAR2026,Pendle_PT,18.00000235463446
2025-11-29,arbitrum ETH/USDT,Uniswap_MM,16.018155931858825
2025-11-29,ethereum PT-sNUSD-5MAR2026,Pendle_PT,18.00000235463446
2025-11-30,arbitrum ETH/USDT,Uniswap_MM,14.98036854320717
2025-11-30,ethereum PT-sNUSD-5MAR2026,Pendle_PT,18.00000235463446
2025-12-01,arbitrum ETH/USDC,Uniswap_MM,30.034641917552168
2025-12-01,arbitrum ETH/USDT,Uniswap_MM,23.85665603958159
2025-12-01,arbitrum WBTC/USDC,Uniswap_MM,49.64552114037457
2025-12-01,ethereum PT-sNUSD-5MAR2026,Pendle_PT,18.00000235463446
2025-12-01,mainnet ETH/USDC,Uniswap_MM,26.75640419843389
2025-12-01,unichain WBTC/USDC,Uniswap_MM,27.057476670824443
2025-12-01,unichain WBTC/USDT,Uniswap_MM,18.012514086852043
2025-12-02,arbitrum ETH/USDC,Uniswap_MM,20.530229439086423
2025-12-02,arbitrum ETH/USDT,Uniswap_MM,14.542828991951026
2025-12-02,arbitrum WBTC/USDC,Uniswap_MM,41.688019214461434
2025-12-02,ethereum PT-sNUSD-5MAR2026,Pendle_LP,29.496148659120564
2025-12-02,ethereum PT-sNUSD-5MAR2026,Pendle_PT,18.00000235463446
2025-12-02,mainnet ETH/USDC,Uniswap_MM,15.240471528938754
2025-12-02,mainnet WBTC/USDT,Uniswap_MM,27.40984321436677
2025-12-02,unichain WBTC/USDC,Uniswap_MM,18.551394246601394
2025-12-02,unichain WBTC/USDT,Uniswap_MM,14.46045217191974
2025-12-03,arbitrum ETH/USDC,Uniswap_MM,35.848078043302
2025-12-03,arbitrum ETH/USDT,Uniswap_MM,19.66329708238693
2025-12-03,arbitrum WBTC/USDC,Uniswap_MM,53.287333916984934
2025-12-03,ethereum PT-sNUSD-5MAR2026,Pendle_LP,25.954243357646444
2025-12-03,ethereum PT-sNUSD-5MAR2026,Pendle_PT,18.00000235463446
2025-12-03,mainnet ETH/USDC,Uniswap_MM,27.50544401531185
2025-12-03,mainnet WBTC/USDT,Uniswap_MM,19.03100307144432
2025-12-03,unichain WBTC/USDC,Uniswap_MM,19.00267047314427
2025-12-03,unichain WBTC/USDT,Uniswap_MM,14.251900557657809
2025-12-04,arbitrum ETH/USDC,Uniswap_MM,28.6845844589645
2025-12-04,arbitrum ETH/USDT,Uniswap_MM,18.007493335333574
2025-12-04,arbitrum WBTC/USDC,Uniswap_MM,39.47714037056302
2025-12-04,ethereum PT-sNUSD-5MAR2026,Pendle_LP,27.559329859554303
2025-12-04,ethereum PT-sNUSD-5MAR2026,Pendle_PT,18.00000235463446
2025-12-04,mainnet ETH/USDC,Uniswap_MM,21.593306371812353
2025-12-04,mainnet WBTC/USDT,Uniswap_MM,14.356305469659764
2025-12-05,arbitrum ETH/USDC,Uniswap_MM,33.808015495643616
2025-12-05,arbitrum ETH/USDT,Uniswap_MM,16.06095670595821
2025-12-05,arbitrum WBTC/USDC,Uniswap_MM,44.96029670914274
2025-12-05,ethereum PT-sNUSD-5MAR2026,Pendle_LP,25.912379810416663
2025-12-05,ethereum PT-sNUSD-5MAR2026,Pendle_PT,18.00000235463446
2025-12-05,mainnet ETH/USDC,Uniswap_MM,23.15752668681371
2025-12-05,mainnet WBTC/USDT,Uniswap_MM,14.308671039402372
2025-12-05,unichain WBTC/USDC,Uniswap_MM,14.485806290152755
2025-12-06,ethereum PT-sNUSD-5MAR2026,Pendle_LP,25.598068585900464
2025-12-06,ethereum PT-sNUSD-5MAR2026,Pendle_PT,18.00000235463446
2025-12-07,arbitrum ETH/USDC,Uniswap_MM,32.08932732847419
2025-12-07,arbitrum WBTC/USDC,Uniswap_MM,35.849897262964525
2025-12-07,ethereum PT-sNUSD-5MAR2026,Pendle_LP,25.263131219542835
2025-12-07,ethereum PT-sNUSD-5MAR2026,Pendle_PT,18.00000235463446
2025-12-07,mainnet ETH/USDC,Uniswap_MM,21.23752488076812
2025-12-07,mainnet WBTC/USDT,Uniswap_MM,14.82686550081004
2025-12-07,unichain WBTC/USDC,Uniswap_MM,15.98547173496517
2025-12-08,arbitrum ETH/USDC,Uniswap_MM,40.78854198373102
2025-12-08,arbitrum ETH/USDT,Uniswap_MM,14.418645123944012
2025-12-08,arbitrum WBTC/USDC,Uniswap_MM,41.34738240407955
2025-12-08,ethereum PT-sNUSD-5MAR2026,Pendle_LP,25.21686285705456
2025-12-08,ethereum PT-sNUSD-5MAR2026,Pendle_PT,18.00000235463446
2025-12-08,mainnet ETH/USDC,Uniswap_MM,19.787926885144596
2025-12-09,arbitrum ETH/USDC,Uniswap_MM,34.987720200513984
2025-12-09,arbitrum ETH/USDT,Uniswap_MM,18.99469383633288
2025-12-09,arbitrum WBTC/USDC,Uniswap_MM,45.18038073122978
2025-12-09,ethereum PT-sNUSD-5MAR2026,Pendle_PT,18.00000235463446
2025-12-09,mainnet ETH/USDC,Uniswap_MM,23.51257850997525
2025-12-09,mainnet WBTC/USDT,Uniswap_MM,15.60244709289166
2025-12-09,unichain ETH/USDC,Uniswap_MM,14.18451143855832
2025-12-09,unichain WBTC/USDC,Uniswap_MM,14.92274030868245
2025-12-10,arbitrum ETH/USDC,Uniswap_MM,37.32888693129905
2025-12-10,arbitrum ETH/USDT,Uniswap_MM,26.89952335753304
2025-12-10,arbitrum WBTC/USDC,Uniswap_MM,49.0927745841656
2025-12-10,ethereum PT-sNUSD-5MAR2026,Pendle_PT,18.00000235463446
2025-12-10,mainnet ETH/USDC,Uniswap_MM,27.572414769306537
2025-12-10,mainnet WBTC/USDT,Uniswap_MM,18.804568939863938
2025-12-10,unichain ETH/USDC,Uniswap_MM,24.08075981673215
2025-12-10,unichain WBTC/USDC,Uniswap_MM,24.288433545844455
2025-12-10,unichain WBTC/USDT,Uniswap_MM,15.562181807386692
2025-12-11,arbitrum ETH/USDC,Uniswap_MM,33.96284870679525
2025-12-11,arbitrum ETH/USDT,Uniswap_MM,19.7292519845532
2025-12-11,arbitrum WBTC/USDC,Uniswap_MM,53.53942712403719
2025-12-11,ethereum PT-reUSDe-25JUN2026,Pendle_LP,22.77772652065734
2025-12-11,ethereum PT-reUSDe-25JUN2026,Pendle_PT,20.00000129857733
2025-12-11,ethereum PT-sNUSD-5MAR2026,Pendle_PT,18.00000235463446
2025-12-11,mainnet ETH/USDC,Uniswap_MM,24.018266541647467
2025-12-11,mainnet WBTC/USDT,Uniswap_MM,18.662830018239273
2025-12-11,unichain ETH/USDC,Uniswap_MM,14.055148814893917
2025-12-11,unichain WBTC/USDC,Uniswap_MM,18.998608898933373
2025-12-12,arbitrum ETH/USDC,Uniswap_MM,26.171605161110783
2025-12-12,arbitrum WBTC/USDC,Uniswap_MM,38.344958445256474
2025-12-12,ethereum PT-reUSDe-25JUN2026,Pendle_LP,20.404033853801433
2025-12-12,ethereum PT-reUSDe-25JUN2026,Pendle_PT,20.00000129857733
2025-12-12,ethereum PT-sNUSD-5MAR2026,Pendle_LP,14.369014197641208
2025-12-12,ethereum PT-sNUSD-5MAR2026,Pendle_PT,18.00000235463446
2025-12-12,mainnet ETH/USDC,Uniswap_MM,18.806144942165773
2025-12-13,ethereum PT-reUSDe-25JUN2026,Pendle_LP,19.53253052367737
2025-12-13,ethereum PT-reUSDe-25JUN2026,Pendle_PT,20.00000129857733
2025-12-13,ethereum PT-sNUSD-5MAR2026,Pendle_LP,15.853238325293084
2025-12-13,ethereum PT-sNUSD-5MAR2026,Pendle_PT,18.00000235463446
2025-12-14,arbitrum ETH/USDC,Uniswap_MM,14.539704706651724
2025-12-14,arbitrum WBTC/USDC,Uniswap_MM,21.700857788365596
2025-12-14,ethereum PT-reUSDe-25JUN2026,Pendle_LP,19.08009515380037
2025-12-14,ethereum PT-reUSDe-25JUN2026,Pendle_PT,20.00000129857733
2025-12-14,ethereum PT-sNUSD-5MAR2026,Pendle_LP,17.163418454385234
2025-12-14,ethereum PT-sNUSD-5MAR2026,Pendle_PT,18.00000235463446
2025-12-15,arbitrum ETH/USDC,Uniswap_MM,31.462026517448848
2025-12-15,arbitrum ETH/USDT,Uniswap_MM,32.232184067701894
2025-12-15,arbitrum WBTC/USDC,Uniswap_MM,44.024214548396095
2025-12-15,ethereum PT-reUSDe-25JUN2026,Pendle_LP,52.43316032306418
2025-12-15,ethereum PT-reUSDe-25JUN2026,Pendle_PT,20.00000129857733
2025-12-15,ethereum PT-sNUSD-5MAR2026,Pendle_LP,18.308645610605627
2025-12-15,ethereum PT-sNUSD-5MAR2026,Pendle_PT,18.00000235463446
2025-12-15,mainnet ETH/USDC,Uniswap_MM,32.98257942818107
2025-12-15,mainnet WBTC/USDT,Uniswap_MM,16.549234762565437
2025-12-15,unichain WBTC/USDC,Uniswap_MM,17.845395862004022
2025-12-15,unichain WBTC/USDT,Uniswap_MM,15.879063253024686
2025-12-16,arbitrum ETH/USDC,Uniswap_MM,18.454082756312506
2025-12-16,arbitrum ETH/USDT,Uniswap_MM,33.52787620180982
2025-12-16,arbitrum WBTC/USDC,Uniswap_MM,44.29863919581574
2025-12-16,ethereum PT-reUSDe-25JUN2026,Pendle_LP,29.825112119945977
2025-12-16,ethereum PT-reUSDe-25JUN2026,Pendle_PT,20.00000129857733
2025-12-16,ethereum PT-sNUSD-5MAR2026,Pendle_LP,18.757550763684293
2025-12-16,ethereum PT-sNUSD-5MAR2026,Pendle_PT,18.00000235463446
2025-12-16,mainnet ETH/USDC,Uniswap_MM,22.415659677247156
2025-12-16,unichain WBTC/USDT,Uniswap_MM,14.029865993044366
2025-12-17,arbitrum ETH/USDC,Uniswap_MM,22.40710641358376
2025-12-17,arbitrum ETH/USDT,Uniswap_MM,30.10403750561436
2025-12-17,arbitrum WBTC/USDC,Uniswap_MM,55.033939634413464
2025-12-17,arbitrum WBTC/USDT,Uniswap_MM,14.842371137621136
2025-12-17,ethereum PT-reUSDe-25JUN2026,Pendle_LP,28.69029544486067
2025-12-17,ethereum PT-reUSDe-25JUN2026,Pendle_PT,20.00000129857733
2025-12-17,ethereum PT-sNUSD-5MAR2026,Pendle_LP,17.81875421112276
2025-12-17,ethereum PT-sNUSD-5MAR2026,Pendle_PT,18.00000235463446
2025-12-17,mainnet ETH/USDC,Uniswap_MM,23.239212553798293
2025-12-17,mainnet ETH/USDT,Uniswap_MM,14.478840075988323
2025-12-17,mainnet WBTC/USDT,Uniswap_MM,21.028667819570785
2025-12-17,unichain WBTC/USDC,Uniswap_MM,20.892301952800658
2025-12-17,unichain WBTC/USDT,Uniswap_MM,16.43891092718703
2025-12-18,arbitrum ETH/USDC,Uniswap_MM,25.054472268949567
2025-12-18,arbitrum ETH/USDT,Uniswap_MM,28.24341401364118
2025-12-18,arbitrum WBTC/USDC,Uniswap_MM,64.21583898304738
2025-12-18,arbitrum WBTC/USDT,Uniswap_MM,18.68151632285295
2025-12-18,ethereum PT-reUSDe-25JUN2026,Pendle_LP,26.632244086082626
2025-12-18,ethereum PT-reUSDe-25JUN2026,Pendle_PT,20.00000129857733
2025-12-18,ethereum PT-sNUSD-5MAR2026,Pendle_LP,16.928807206983425
2025-12-18,ethereum PT-sNUSD-5MAR2026,Pendle_PT,18.00000235463446
2025-12-18,ethereum PT-uniBTC-19FEB2026,Pendle_LP,15.208253929265153
2025-12-18,mainnet ETH/USDC,Uniswap_MM,27.499507713171063
2025-12-18,mainnet ETH/USDT,Uniswap_MM,16.284458429299242
2025-12-18,mainnet WBTC/USDT,Uniswap_MM,21.024042882297312
2025-12-18,unichain WBTC/USDC,Uniswap_MM,25.33786993441865
2025-12-18,unichain WBTC/USDT,Uniswap_MM,16.59410211805284
2025-12-19,arbitrum ETH/USDC,Uniswap_MM,21.110073173179643
2025-12-19,arbitrum ETH/USDT,Uniswap_MM,19.121050893861117
2025-12-19,arbitrum WBTC/USDC,Uniswap_MM,55.60986482227883
2025-12-19,ethereum PT-reUSDe-25JUN2026,Pendle_LP,24.033655234195788
2025-12-19,ethereum PT-reUSDe-25JUN2026,Pendle_PT,20.00000129857733
2025-12-19,ethereum PT-sNUSD-5MAR2026,Pendle_LP,16.072988206874967
2025-12-19,ethereum PT-sNUSD-5MAR2026,Pendle_PT,18.00000235463446
2025-12-19,mainnet ETH/USDC,Uniswap_MM,23.142563879673524
2025-12-19,mainnet WBTC/USDT,Uniswap_MM,17.369568970485812
2025-12-19,unichain WBTC/USDC,Uniswap_MM,18.089765958944344
2025-12-19,unichain WBTC/USDT,Uniswap_MM,17.57742440067827
2025-12-20,ethereum PT-reUSDe-25JUN2026,Pendle_LP,22.90382224363502
2025-12-20,ethereum PT-reUSDe-25JUN2026,Pendle_PT,20.00000129857733
2025-12-20,ethereum PT-sNUSD-5MAR2026,Pendle_LP,15.87850177137892
2025-12-20,ethereum PT-sNUSD-5MAR2026,Pendle_PT,18.00000235463446
2025-12-21,arbitrum WBTC/USDC,Uniswap_MM,15.407193875876755
2025-12-21,ethereum PT-reUSDe-25JUN2026,Pendle_LP,21.831475112311495
2025-12-21,ethereum PT-reUSDe-25JUN2026,Pendle_PT,20.00000129857733
2025-12-21,ethereum PT-sNUSD-5MAR2026,Pendle_LP,15.660946392783291
2025-12-21,ethereum PT-sNUSD-5MAR2026,Pendle_PT,18.00000235463446
2025-12-22,arbitrum ETH/USDC,Uniswap_MM,25.34202970488135
2025-12-22,arbitrum WBTC/USDC,Uniswap_MM,44.43797634642147
2025-12-22,ethereum PT-reUSDe-25JUN2026,Pendle_LP,18.59772283123085
2025-12-22,ethereum PT-reUSDe-25JUN2026,Pendle_PT,20.00000129857733
2025-12-22,ethereum PT-sNUSD-5MAR2026,Pendle_LP,15.43467341770485
2025-12-22,ethereum PT-sNUSD-5MAR2026,Pendle_PT,18.00000235463446
2025-12-22,mainnet ETH/USDC,Uniswap_MM,16.068126957380034
2025-12-22,mainnet WBTC/USDT,Uniswap_MM,15.429320646301994
2025-12-22,unichain WBTC/USDC,Uniswap_MM,15.0430766494345
2025-12-23,arbitrum WBTC/USDC,Uniswap_MM,34.67105423466976
2025-12-23,ethereum PT-reUSDe-25JUN2026,Pendle_LP,18.219210689845493
2025-12-23,ethereum PT-reUSDe-25JUN2026,Pendle_PT,20.00000129857733
2025-12-23,ethereum PT-sNUSD-5MAR2026,Pendle_PT,18.00000235463446
2025-12-24,arbitrum WBTC/USDC,Uniswap_MM,19.21003279544542
2025-12-24,ethereum PT-reUSDe-25JUN2026,Pendle_LP,18.34486961199215
2025-12-24,ethereum PT-reUSDe-25JUN2026,Pendle_PT,20.00000129857733
2025-12-24,ethereum PT-sNUSD-5MAR2026,Pendle_PT,18.00000235463446
2025-12-25,ethereum PT-reUSDe-25JUN2026,Pendle_LP,21.85168940709535
2025-12-25,ethereum PT-reUSDe-25JUN2026,Pendle_PT,20.00000129857733
2025-12-25,ethereum PT-sNUSD-5MAR2026,Pendle_PT,18.00000235463446
2025-12-25,ethereum PT-ynRWAx-15OCT2026,Pendle_LP,19.161076018927343
2025-12-26,arbitrum WBTC/USDC,Uniswap_MM,31.352068738085272
2025-12-26,ethereum PT-reUSDe-25JUN2026,Pendle_LP,22.041321593919232
2025-12-26,ethereum PT-reUSDe-25JUN2026,Pendle_PT,20.00000129857733
2025-12-26,ethereum PT-sNUSD-5MAR2026,Pendle_PT,18.00000235463446
2025-12-26,ethereum PT-ynRWAx-15OCT2026,Pendle_LP,28.176753098601935
2025-12-26,mainnet WBTC/USDT,Uniswap_MM,16.45470508587514
2025-12-27,ethereum PT-reUSDe-25JUN2026,Pendle_LP,21.82305553842861
2025-12-27,ethereum PT-reUSDe-25JUN2026,Pendle_PT,20.00000129857733
2025-12-27,ethereum PT-sNUSD-5MAR2026,Pendle_PT,18.00000235463446
2025-12-27,ethereum PT-ynRWAx-15OCT2026,Pendle_LP,27.8923476108167
2025-12-28,ethereum PT-reUSDe-25JUN2026,Pendle_LP,21.355984525458876
2025-12-28,ethereum PT-reUSDe-25JUN2026,Pendle_PT,20.00000129857733
2025-12-28,ethereum PT-sNUSD-5MAR2026,Pendle_PT,18.00000235463446
2025-12-28,ethereum PT-ynRWAx-15OCT2026,Pendle_LP,27.909217131745816
2025-12-29,arbitrum ETH/USDC,Uniswap_MM,17.701634673679276
2025-12-29,arbitrum WBTC/USDC,Uniswap_MM,34.307402837882975
2025-12-29,ethereum PT-reUSDe-25JUN2026,Pendle_LP,23.43528646618643
2025-12-29,ethereum PT-reUSDe-25JUN2026,Pendle_PT,20.00000129857733
2025-12-29,ethereum PT-sNUSD-5MAR2026,Pendle_PT,18.00000235463446
2025-12-29,ethereum PT-ynRWAx-15OCT2026,Pendle_LP,27.069557264121485
2025-12-30,arbitrum WBTC/USDC,Uniswap_MM,26.487598765591247
2025-12-30,ethereum PT-reUSDe-25JUN2026,Pendle_LP,22.612313943755648
2025-12-30,ethereum PT-reUSDe-25JUN2026,Pendle_PT,20.00000129857733
2025-12-30,ethereum PT-sNUSD-5MAR2026,Pendle_PT,18.00000235463446
2025-12-30,ethereum PT-ynRWAx-15OCT2026,Pendle_LP,24.838439208685095
2025-12-31,arbitrum WBTC/USDC,Uniswap_MM,16.63974801035243
2025-12-31,ethereum PT-reUSDe-25JUN2026,Pendle_LP,21.357412624557902
2025-12-31,ethereum PT-reUSDe-25JUN2026,Pendle_PT,20.00000129857733
2025-12-31,ethereum PT-sNUSD-5MAR2026,Pendle_LP,14.247955346518816
2025-12-31,ethereum PT-sNUSD-5MAR2026,Pendle_PT,18.00000235463446
2025-12-31,ethereum PT-ynRWAx-15OCT2026,Pendle_LP,22.24572294351663
2026-01-01,ethereum PT-reUSDe-25JUN2026,Pendle_LP,18.954072329249648
2026-01-01,ethereum PT-reUSDe-25JUN2026,Pendle_PT,20.00000129857733
2026-01-01,ethereum PT-sNUSD-5MAR2026,Pendle_LP,15.593323348596591
2026-01-01,ethereum PT-sNUSD-5MAR2026,Pendle_PT,18.00000235463446
2026-01-01,ethereum PT-ynRWAx-15OCT2026,Pendle_LP,32.40487215718367
2026-01-02,arbitrum ETH/USDC,Uniswap_MM,25.282676229682053
2026-01-02,arbitrum ETH/USDT,Uniswap_MM,15.006659631248551
2026-01-02,arbitrum WBTC/USDC,Uniswap_MM,38.38976449099143
2026-01-02,ethereum PT-reUSDe-25JUN2026,Pendle_LP,19.458401929070337
2026-01-02,ethereum PT-reUSDe-25JUN2026,Pendle_PT,20.00000129857733
2026-01-02,ethereum PT-sNUSD-5MAR2026,Pendle_LP,15.855360761741984
2026-01-02,ethereum PT-sNUSD-5MAR2026,Pendle_PT,18.00000235463446
2026-01-02,ethereum PT-ynRWAx-15OCT2026,Pendle_LP,35.55128336207582
2026-01-03,ethereum PT-reUSDe-25JUN2026,Pendle_LP,19.45997317971349
2026-01-03,ethereum PT-reUSDe-25JUN2026,Pendle_PT,20.00000129857733
2026-01-03,ethereum PT-sNUSD-5MAR2026,Pendle_LP,15.799375854200814
2026-01-03,ethereum PT-sNUSD-5MAR2026,Pendle_PT,18.00000235463446
2026-01-03,ethereum PT-ynRWAx-15OCT2026,Pendle_LP,35.26847856227067
2026-01-04,arbitrum WBTC/USDC,Uniswap_MM,14.58675083645676
2026-01-04,ethereum PT-reUSDe-25JUN2026,Pendle_LP,19.33576667420519
2026-01-04,ethereum PT-reUSDe-25JUN2026,Pendle_PT,20.00000129857733
2026-01-04,ethereum PT-sNUSD-5MAR2026,Pendle_LP,15.90646459429466
2026-01-04,ethereum PT-sNUSD-5MAR2026,Pendle_PT,18.00000235463446
2026-01-04,ethereum PT-ynRWAx-15OCT2026,Pendle_LP,35.37567759762128
2026-01-05,arbitrum ETH/USDC,Uniswap_MM,24.81947361023492
2026-01-05,arbitrum ETH/USDT,Uniswap_MM,16.387800264781667
2026-01-05,arbitrum WBTC/USDC,Uniswap_MM,32.848038605853105
2026-01-05,ethereum PT-reUSDe-25JUN2026,Pendle_LP,15.865322040635768
2026-01-05,ethereum PT-reUSDe-25JUN2026,Pendle_PT,20.00000129857733
2026-01-05,ethereum PT-sNUSD-5MAR2026,Pendle_LP,16.011998217374877
2026-01-05,ethereum PT-sNUSD-5MAR2026,Pendle_PT,18.00000235463446
2026-01-05,ethereum PT-ynRWAx-15OCT2026,Pendle_LP,33.86564337410237
2026-01-05,mainnet ETH/USDC,Uniswap_MM,23.06123351891472
2026-01-06,arbitrum ETH/USDC,Uniswap_MM,24.506860566628234
2026-01-06,arbitrum ETH/USDT,Uniswap_MM,16.061415852517307
2026-01-06,arbitrum WBTC/USDC,Uniswap_MM,34.63777663683235
2026-01-06,ethereum PT-reUSDe-25JUN2026,Pendle_LP,15.67893784113282
2026-01-06,ethereum PT-reUSDe-25JUN2026,Pendle_PT,20.00000129857733
2026-01-06,ethereum PT-sNUSD-5MAR2026,Pendle_LP,15.78770014234158
2026-01-06,ethereum PT-sNUSD-5MAR2026,Pendle_PT,18.00000235463446
2026-01-06,ethereum PT-ynRWAx-15OCT2026,Pendle_LP,32.50260478950045
2026-01-06,mainnet ETH/USDC,Uniswap_MM,25.718614568198745
2026-01-07,arbitrum ETH/USDC,Uniswap_MM,23.440828649907527
2026-01-07,arbitrum ETH/USDT,Uniswap_MM,14.64575457726375
2026-01-07,arbitrum WBTC/USDC,Uniswap_MM,30.69109341484457
2026-01-07,ethereum PT-reUSDe-25JUN2026,Pendle_LP,15.555185905800906
2026-01-07,ethereum PT-reUSDe-25JUN2026,Pendle_PT,20.00000129857733
2026-01-07,ethereum PT-sNUSD-5MAR2026,Pendle_LP,15.507099884315071
2026-01-07,ethereum PT-sNUSD-5MAR2026,Pendle_PT,18.00000235463446
2026-01-07,ethereum PT-ynRWAx-15OCT2026,Pendle_LP,30.72595790624416
2026-01-07,mainnet ETH/USDC,Uniswap_MM,18.65068126474447
2026-01-08,arbitrum ETH/USDC,Uniswap_MM,23.40812244752307
2026-01-08,arbitrum ETH/USDT,Uniswap_MM,14.28167307792224
2026-01-08,arbitrum WBTC/USDC,Uniswap_MM,31.6877088974867
2026-01-08,ethereum PT-reUSDe-25JUN2026,Pendle_LP,15.69918687912948
2026-01-08,ethereum PT-reUSDe-25JUN2026,Pendle_PT,20.00000129857733
2026-01-08,ethereum PT-sNUSD-5MAR2026,Pendle_LP,14.951572101603375
2026-01-08,ethereum PT-sNUSD-5MAR2026,Pendle_PT,18.00000235463446
2026-01-08,ethereum PT-ynRWAx-15OCT2026,Pendle_LP,16.912610791599377
2026-01-08,mainnet ETH/USDC,Uniswap_MM,20.81004641190187
2026-01-09,arbitrum ETH/USDC,Uniswap_MM,24.597708320478375
2026-01-09,arbitrum ETH/USDT,Uniswap_MM,14.96168896272506
2026-01-09,arbitrum WBTC/USDC,Uniswap_MM,33.315343424660895
2026-01-09,ethereum PT-reUSDe-25JUN2026,Pendle_LP,15.57908616476838
2026-01-09,ethereum PT-reUSDe-25JUN2026,Pendle_PT,20.00000129857733
2026-01-09,ethereum PT-sNUSD-5MAR2026,Pendle_LP,14.762641973728249
2026-01-09,ethereum PT-sNUSD-5MAR2026,Pendle_PT,18.00000235463446
2026-01-09,mainnet ETH/USDC,Uniswap_MM,23.384978509217888
2026-01-10,ethereum PT-reUSDe-25JUN2026,Pendle_LP,15.593217923970888
2026-01-10,ethereum PT-reUSDe-25JUN2026,Pendle_PT,20.00000129857733
2026-01-10,ethereum PT-sNUSD-5MAR2026,Pendle_LP,14.394049017014002
2026-01-10,ethereum PT-sNUSD-5MAR2026,Pendle_PT,18.00000235463446
2026-01-11,ethereum PT-reUSDe-25JUN2026,Pendle_LP,15.708670616360395
2026-01-11,ethereum PT-reUSDe-25JUN2026,Pendle_PT,20.00000129857733
2026-01-11,ethereum PT-sNUSD-5MAR2026,Pendle_LP,14.248978313456972
2026-01-11,ethereum PT-sNUSD-5MAR2026,Pendle_PT,18.00000235463446
2026-01-12,arbitrum ETH/USDC,Uniswap_MM,28.109104192444867
2026-01-12,arbitrum ETH/USDT,Uniswap_MM,14.598150379502956
2026-01-12,arbitrum WBTC/USDC,Uniswap_MM,36.51942782181577
2026-01-12,ethereum PT-reUSDe-25JUN2026,Pendle_LP,15.59479917920537
2026-01-12,ethereum PT-reUSDe-25JUN2026,Pendle_PT,20.00000129857733
2026-01-12,ethereum PT-sNUSD-5MAR2026,Pendle_PT,18.00000235463446
2026-01-12,mainnet ETH/USDC,Uniswap_MM,19.178170615494555
2026-01-12,mainnet WBTC/USDT,Uniswap_MM,14.718386145595774
2026-01-13,arbitrum ETH/USDC,Uniswap_MM,31.273358151781576
2026-01-13,arbitrum ETH/USDT,Uniswap_MM,22.653287703251458
2026-01-13,arbitrum WBTC/USDC,Uniswap_MM,40.765635256167634
2026-01-13,ethereum PT-reUSDe-25JUN2026,Pendle_LP,16.125155333077217
2026-01-13,ethereum PT-reUSDe-25JUN2026,Pendle_PT,20.00000129857733
2026-01-13,ethereum PT-sNUSD-5MAR2026,Pendle_PT,18.00000235463446
2026-01-13,mainnet ETH/USDC,Uniswap_MM,26.73968869171851
2026-01-13,mainnet WBTC/USDT,Uniswap_MM,29.019449259840645
2026-01-13,unichain WBTC/USDC,Uniswap_MM,14.02809780783388
2026-01-14,arbitrum ETH/USDC,Uniswap_MM,33.56680561612682
2026-01-14,arbitrum ETH/USDT,Uniswap_MM,25.18613851954291
2026-01-14,arbitrum WBTC/USDC,Uniswap_MM,28.744665337812098
2026-01-14,ethereum PT-reUSDe-25JUN2026,Pendle_LP,16.34850658739517
2026-01-14,ethereum PT-reUSDe-25JUN2026,Pendle_PT,20.00000129857733
2026-01-14,ethereum PT-sNUSD-5MAR2026,Pendle_PT,18.00000235463446
2026-01-14,mainnet ETH/USDC,Uniswap_MM,26.261058379469095
2026-01-15,arbitrum ETH/USDC,Uniswap_MM,30.631101709345725
2026-01-15,arbitrum ETH/USDT,Uniswap_MM,22.59911058044816
2026-01-15,arbitrum WBTC/USDC,Uniswap_MM,28.979550206446227
2026-01-15,ethereum PT-reUSDe-25JUN2026,Pendle_LP,14.77144093095999
2026-01-15,ethereum PT-reUSDe-25JUN2026,Pendle_PT,20.00000129857733
2026-01-15,ethereum PT-sNUSD-5MAR2026,Pendle_PT,18.00000235463446
2026-01-15,mainnet ETH/USDC,Uniswap_MM,31.0625166841196
2026-01-16,arbitrum ETH/USDC,Uniswap_MM,16.708095457435178
2026-01-16,arbitrum WBTC/USDC,Uniswap_MM,19.549956257846024
2026-01-16,ethereum PT-reUSDe-25JUN2026,Pendle_LP,14.734324802486196
2026-01-16,ethereum PT-reUSDe-25JUN2026,Pendle_PT,20.00000129857733
2026-01-16,ethereum PT-sNUSD-5MAR2026,Pendle_PT,18.00000235463446
2026-01-17,ethereum PT-reUSDe-25JUN2026,Pendle_LP,14.6880232860062
2026-01-17,ethereum PT-reUSDe-25JUN2026,Pendle_PT,20.00000129857733
2026-01-17,ethereum PT-sNUSD-5MAR2026,Pendle_PT,18.00000235463446
2026-01-18,ethereum PT-reUSDe-25JUN2026,Pendle_LP,14.59182718685465
2026-01-18,ethereum PT-reUSDe-25JUN2026,Pendle_PT,20.00000129857733
2026-01-18,ethereum PT-sNUSD-5MAR2026,Pendle_PT,18.00000235463446
2026-01-19,arbitrum ETH/USDC,Uniswap_MM,25.219945583368418
2026-01-19,arbitrum ETH/USDT,Uniswap_MM,23.927320937930723
2026-01-19,arbitrum WBTC/USDC,Uniswap_MM,27.530128833011258
2026-01-19,ethereum PT-reUSDe-25JUN2026,Pendle_LP,14.543548797367675
2026-01-19,ethereum PT-reUSDe-25JUN2026,Pendle_PT,20.00000129857733
2026-01-19,ethereum PT-sNUSD-5MAR2026,Pendle_PT,18.00000235463446
2026-01-19,mainnet ETH/USDT,Uniswap_MM,25.02114395401125
2026-01-20,arbitrum ETH/USDC,Uniswap_MM,35.884764852427296
2026-01-20,arbitrum ETH/USDT,Uniswap_MM,40.317351236434725
2026-01-20,arbitrum WBTC/USDC,Uniswap_MM,48.14845428606385
2026-01-20,ethereum PT-reUSDe-25JUN2026,Pendle_LP,18.905654816968585
2026-01-20,ethereum PT-reUSDe-25JUN2026,Pendle_PT,20.00000129857733
2026-01-20,ethereum PT-sNUSD-5MAR2026,Pendle_PT,18.00000235463446
2026-01-20,mainnet ETH/USDC,Uniswap_MM,20.48530453803848
2026-01-21,arbitrum ETH/USDC,Uniswap_MM,34.52891331525897
2026-01-21,arbitrum ETH/USDT,Uniswap_MM,34.42020483211006
2026-01-21,arbitrum WBTC/USDC,Uniswap_MM,58.01572077325547
2026-01-21,ethereum PT-reUSDe-25JUN2026,Pendle_LP,18.723725534470407
2026-01-21,ethereum PT-reUSDe-25JUN2026,Pendle_PT,20.00000129857733
2026-01-21,ethereum PT-sNUSD-5MAR2026,Pendle_PT,18.00000235463446
2026-01-21,mainnet ETH/USDC,Uniswap_MM,30.07399232631545
2026-01-21,mainnet ETH/USDT,Uniswap_MM,18.76589165665742
2026-01-21,mainnet WBTC/USDT,Uniswap_MM,21.285310546030953
2026-01-21,unichain WBTC/USDC,Uniswap_MM,22.018068523413465
2026-01-22,arbitrum ETH/USDC,Uniswap_MM,20.24633647224438
2026-01-22,arbitrum ETH/USDT,Uniswap_MM,26.319637018772852
2026-01-22,arbitrum WBTC/USDC,Uniswap_MM,29.072884739046263
2026-01-22,ethereum PT-reUSDe-25JUN2026,Pendle_LP,20.84116731597915
2026-01-22,ethereum PT-reUSDe-25JUN2026,Pendle_PT,20.00000129857733
2026-01-22,ethereum PT-sNUSD-5MAR2026,Pendle_PT,18.00000235463446
2026-01-22,mainnet ETH/USDC,Uniswap_MM,15.417241611379826
2026-01-23,arbitrum ETH/USDC,Uniswap_MM,17.89258238989869
2026-01-23,arbitrum ETH/USDT,Uniswap_MM,21.574943337949723
2026-01-23,arbitrum WBTC/USDC,Uniswap_MM,29.978264541601053
2026-01-23,ethereum PT-reUSDe-25JUN2026,Pendle_LP,20.618410883276304
2026-01-23,ethereum PT-reUSDe-25JUN2026,Pendle_PT,20.00000129857733
2026-01-23,ethereum PT-sNUSD-5MAR2026,Pendle_PT,18.00000235463446
2026-01-24,ethereum PT-reUSDe-25JUN2026,Pendle_LP,20.46553147716618
2026-01-24,ethereum PT-reUSDe-25JUN2026,Pendle_PT,20.00000129857733
2026-01-24,ethereum PT-sNUSD-5MAR2026,Pendle_PT,18.00000235463446
2026-01-25,arbitrum ETH/USDT,Uniswap_MM,15.58984107821858
2026-01-25,arbitrum WBTC/USDC,Uniswap_MM,27.4004733601605
2026-01-25,ethereum PT-reUSDe-25JUN2026,Pendle_LP,20.283387777660657
2026-01-25,ethereum PT-reUSDe-25JUN2026,Pendle_PT,20.00000129857733
2026-01-25,ethereum PT-sNUSD-5MAR2026,Pendle_PT,18.00000235463446
2026-01-26,arbitrum ETH/USDC,Uniswap_MM,15.924356334242756
2026-01-26,arbitrum ETH/USDT,Uniswap_MM,22.0799838385328
2026-01-26,arbitrum WBTC/USDC,Uniswap_MM,33.831236151376274
2026-01-26,ethereum PT-reUSDe-25JUN2026,Pendle_LP,20.106785623099658
2026-01-26,ethereum PT-reUSDe-25JUN2026,Pendle_PT,20.00000129857733
2026-01-26,ethereum PT-sNUSD-5MAR2026,Pendle_PT,18.00000235463446
2026-01-26,mainnet ETH/USDC,Uniswap_MM,15.286490716791858
2026-01-26,mainnet WBTC/USDT,Uniswap_MM,15.21841265943237
2026-01-27,arbitrum ETH/USDC,Uniswap_MM,17.810617327033267
2026-01-27,arbitrum ETH/USDT,Uniswap_MM,22.938223747323455
2026-01-27,arbitrum WBTC/USDC,Uniswap_MM,28.70488355487536
2026-01-27,ethereum PT-reUSDe-25JUN2026,Pendle_LP,16.05886976398516
2026-01-27,ethereum PT-reUSDe-25JUN2026,Pendle_PT,20.00000129857733
2026-01-27,ethereum PT-sNUSD-5MAR2026,Pendle_PT,18.00000235463446
2026-01-28,arbitrum ETH/USDC,Uniswap_MM,26.498548101239933
2026-01-28,arbitrum ETH/USDT,Uniswap_MM,36.44372513689461
2026-01-28,arbitrum WBTC/USDC,Uniswap_MM,35.68807548056577
2026-01-28,ethereum PT-reUSDe-25JUN2026,Pendle_LP,16.004998923139002
2026-01-28,ethereum PT-reUSDe-25JUN2026,Pendle_PT,20.00000129857733
2026-01-28,ethereum PT-sNUSD-5MAR2026,Pendle_PT,18.00000235463446
2026-01-29,arbitrum ETH/USDC,Uniswap_MM,19.447253104582117
2026-01-29,arbitrum ETH/USDT,Uniswap_MM,25.858469096700837
2026-01-29,arbitrum WBTC/USDC,Uniswap_MM,42.74269514492199
2026-01-29,ethereum PT-reUSDe-25JUN2026,Pendle_LP,18.457778779178348
2026-01-29,ethereum PT-reUSDe-25JUN2026,Pendle_PT,20.00000129857733
2026-01-29,ethereum PT-sNUSD-5MAR2026,Pendle_PT,18.00000235463446
2026-01-29,ethereum PT-ynRWAx-15OCT2026,Pendle_LP,16.629470405797765
2026-01-29,mainnet ETH/USDC,Uniswap_MM,17.84365296442062
2026-01-29,mainnet WBTC/USDC,Uniswap_MM,18.064494676991224
2026-01-29,unichain WBTC/USDC,Uniswap_MM,16.93000365367275
2026-01-30,arbitrum ETH/USDC,Uniswap_MM,24.85691081077995
2026-01-30,arbitrum ETH/USDT,Uniswap_MM,20.821568953606732
2026-01-30,arbitrum WBTC/USDC,Uniswap_MM,50.1300362847221
2026-01-30,arbitrum WBTC/USDT,Uniswap_MM,25.52817189441196
2026-01-30,ethereum PT-reUSDe-25JUN2026,Pendle_LP,18.305350311517778
2026-01-30,ethereum PT-reUSDe-25JUN2026,Pendle_PT,20.00000129857733
2026-01-30,ethereum PT-sNUSD-5MAR2026,Pendle_PT,18.00000235463446
2026-01-30,ethereum PT-ynRWAx-15OCT2026,Pendle_LP,16.430150781039565
2026-01-30,mainnet ETH/USDC,Uniswap_MM,29.799638365953463
2026-01-30,mainnet WBTC/USDC,Uniswap_MM,18.60993394188001
2026-01-30,unichain WBTC/USDC,Uniswap_MM,18.604573075823826
2026-01-30,unichain WBTC/USDT,Uniswap_MM,16.487858404873194
2026-01-31,arbitrum ETH/USDC,Uniswap_MM,16.122186148207664
2026-01-31,arbitrum WBTC/USDC,Uniswap_MM,38.82407224833664
2026-01-31,ethereum PT-reUSDe-25JUN2026,Pendle_LP,17.61705185333479
2026-01-31,ethereum PT-reUSDe-25JUN2026,Pendle_PT,20.00000129857733
2026-01-31,ethereum PT-sNUSD-5MAR2026,Pendle_PT,18.00000235463446
2026-01-31,ethereum PT-ynRWAx-15OCT2026,Pendle_LP,16.093224457236026
2026-01-31,mainnet ETH/USDC,Uniswap_MM,44.19682201282155
2026-01-31,mainnet WBTC/USDC,Uniswap_MM,25.657737425192412
2026-01-31,unichain WBTC/USDT,Uniswap_MM,18.29596539109111
2026-02-01,arbitrum WBTC/USDC,Uniswap_MM,31.775351488925953
2026-02-01,ethereum PT-reUSDe-25JUN2026,Pendle_LP,17.279991615829324
2026-02-01,ethereum PT-reUSDe-25JUN2026,Pendle_PT,20.00000129857733
2026-02-01,ethereum PT-sNUSD-5MAR2026,Pendle_PT,18.00000235463446
2026-02-01,ethereum PT-ynRWAx-15OCT2026,Pendle_LP,15.89406991262049
2026-02-01,mainnet ETH/USDC,Uniswap_MM,22.01256662260518
2026-02-01,mainnet WBTC/USDC,Uniswap_MM,16.478000845407013
2026-02-02,arbitrum WBTC/USDC,Uniswap_MM,46.1930079392848
2026-02-02,ethereum PT-reUSDe-25JUN2026,Pendle_LP,16.681752110494074
2026-02-02,ethereum PT-reUSDe-25JUN2026,Pendle_PT,20.00000129857733
2026-02-02,ethereum PT-sNUSD-5MAR2026,Pendle_PT,18.00000235463446
2026-02-02,ethereum PT-ynRWAx-15OCT2026,Pendle_LP,15.938665963757307
2026-02-02,mainnet ETH/USDC,Uniswap_MM,20.843662645011516
2026-02-02,mainnet WBTC/USDC,Uniswap_MM,17.727530960376612
2026-02-02,unichain WBTC/USDC,Uniswap_MM,16.51884679595213
2026-02-02,unichain WBTC/USDT,Uniswap_MM,15.397287912679236
2026-02-03,arbitrum WBTC/USDC,Uniswap_MM,34.11669707202898
2026-02-03,ethereum PT-reUSDe-25JUN2026,Pendle_LP,17.078521969205607
2026-02-03,ethereum PT-reUSDe-25JUN2026,Pendle_PT,20.00000129857733
2026-02-03,ethereum PT-sNUSD-5MAR2026,Pendle_PT,18.00000235463446
2026-02-03,ethereum PT-ynRWAx-15OCT2026,Pendle_LP,15.758051660002748
2026-02-03,mainnet ETH/USDC,Uniswap_MM,23.302431541168367
2026-02-03,mainnet WBTC/USDC,Uniswap_MM,17.81853519552958
2026-02-04,arbitrum WBTC/USDC,Uniswap_MM,29.041565891733157
2026-02-04,ethereum PT-USDe-5FEB2026,Pendle_LP,21.048346478066353
2026-02-04,ethereum PT-reUSDe-25JUN2026,Pendle_LP,17.1413085707192
2026-02-04,ethereum PT-reUSDe-25JUN2026,Pendle_PT,20.00000129857733
2026-02-04,ethereum PT-sNUSD-5MAR2026,Pendle_PT,18.00000235463446
2026-02-04,ethereum PT-ynRWAx-15OCT2026,Pendle_LP,14.913595704257704
2026-02-04,mainnet ETH/USDC,Uniswap_MM,23.210407404645306
2026-02-04,mainnet WBTC/USDC,Uniswap_MM,18.06601270501406
2026-02-04,mainnet WBTC/USDT,Uniswap_MM,14.222117553713955
2026-02-05,arbitrum ETH/USDC,Uniswap_MM,19.57210465638111
2026-02-05,arbitrum WBTC/USDC,Uniswap_MM,31.30733691122644
2026-02-05,ethereum PT-reUSDe-25JUN2026,Pendle_LP,16.490446431127996
2026-02-05,ethereum PT-reUSDe-25JUN2026,Pendle_PT,20.00000129857733
2026-02-05,ethereum PT-sNUSD-5MAR2026,Pendle_PT,18.00000235463446
2026-02-05,ethereum PT-ynRWAx-15OCT2026,Pendle_LP,15.250892920502682
2026-02-05,mainnet ETH/USDC,Uniswap_MM,39.74207704251515
2026-02-05,mainnet ETH/USDT,Uniswap_MM,20.575983086338525
2026-02-05,mainnet USDC/cbBTC,Uniswap_MM,64.81931283150043
2026-02-05,mainnet WBTC/USDC,Uniswap_MM,44.19897253514547
2026-02-05,mainnet WBTC/USDT,Uniswap_MM,38.70635526233799
2026-02-06,arbitrum ETH/USDC,Uniswap_MM,16.632968849355077
2026-02-06,arbitrum WBTC/USDC,Uniswap_MM,27.22512006706716
2026-02-06,arbitrum WBTC/USDT,Uniswap_MM,93.83071413013516
2026-02-06,ethereum PT-reUSDe-25JUN2026,Pendle_LP,16.852987295567253
2026-02-06,ethereum PT-reUSDe-25JUN2026,Pendle_PT,20.00000129857733
2026-02-06,ethereum PT-sNUSD-5MAR2026,Pendle_PT,18.00000235463446
2026-02-06,ethereum PT-ynRWAx-15OCT2026,Pendle_LP,15.691564623111043
2026-02-06,mainnet ETH/USDC,Uniswap_MM,23.99626776272768
2026-02-06,mainnet ETH/USDT,Uniswap_MM,17.06686667555176
2026-02-06,mainnet USDC/cbBTC,Uniswap_MM,79.36591296798555
2026-02-06,mainnet WBTC/USDC,Uniswap_MM,35.108198952758435
2026-02-06,mainnet WBTC/USDT,Uniswap_MM,27.49390194939984
2026-02-06,unichain WBTC/USDC,Uniswap_MM,22.321901333207673
2026-02-07,arbitrum ETH/USDC,Uniswap_MM,26.851605988444355
2026-02-07,arbitrum WBTC/USDC,Uniswap_MM,24.557984717480128
2026-02-07,arbitrum WBTC/USDT,Uniswap_MM,112.11298431244678
2026-02-07,ethereum PT-reUSDe-25JUN2026,Pendle_LP,16.339953255328858
2026-02-07,ethereum PT-reUSDe-25JUN2026,Pendle_PT,20.00000129857733
2026-02-07,ethereum PT-sNUSD-5MAR2026,Pendle_PT,18.00000235463446
2026-02-07,ethereum PT-ynRWAx-15OCT2026,Pendle_LP,14.911938291554428
2026-02-07,mainnet ETH/USDC,Uniswap_MM,33.09006603658503
2026-02-07,mainnet USDC/cbBTC,Uniswap_MM,19.68120708411472
2026-02-07,mainnet WBTC/USDC,Uniswap_MM,23.809632787689814
2026-02-07,unichain WBTC/USDC,Uniswap_MM,20.72329914121027
2026-02-08,arbitrum PT-thBILL-18JUN2026,Pendle_LP,94.4762241634028
2026-02-08,arbitrum WBTC/USDT,Uniswap_MM,56.00785571980097
2026-02-08,ethereum PT-reUSDe-25JUN2026,Pendle_LP,16.03235471108297
2026-02-08,ethereum PT-reUSDe-25JUN2026,Pendle_PT,20.00000129857733
2026-02-08,ethereum PT-sNUSD-5MAR2026,Pendle_PT,18.00000235463446
2026-02-08,ethereum PT-ynRWAx-15OCT2026,Pendle_LP,15.436615104289825
2026-02-08,mainnet ETH/USDC,Uniswap_MM,19.516844694422858
2026-02-08,mainnet USDC/cbBTC,Uniswap_MM,25.388100937769075
2026-02-08,mainnet WBTC/USDC,Uniswap_MM,20.72449254805953
2026-02-09,arbitrum ETH/USDC,Uniswap_MM,14.482119077397504
2026-02-09,arbitrum PT-thBILL-18JUN2026,Pendle_LP,93.03818684807013
2026-02-09,arbitrum WBTC/USDC,Uniswap_MM,23.72614044522308
2026-02-09,arbitrum WBTC/USDT,Uniswap_MM,88.53626362167464
2026-02-09,ethereum PT-reUSDe-25JUN2026,Pendle_LP,16.264435454034167
2026-02-09,ethereum PT-reUSDe-25JUN2026,Pendle_PT,20.00000129857733
2026-02-09,ethereum PT-sNUSD-5MAR2026,Pendle_PT,18.00000235463446
2026-02-09,ethereum PT-ynRWAx-15OCT2026,Pendle_LP,15.943743418031437
2026-02-09,mainnet ETH/USDC,Uniswap_MM,21.282171595414585
2026-02-09,mainnet USDC/cbBTC,Uniswap_MM,27.499268383296073
2026-02-09,mainnet WBTC/USDC,Uniswap_MM,19.17525296436635
2026-02-10,arbitrum PT-thBILL-18JUN2026,Pendle_LP,58.57683565871685
2026-02-10,arbitrum WBTC/USDC,Uniswap_MM,19.460607936467703
2026-02-10,arbitrum WBTC/USDT,Uniswap_MM,69.81060962431556
2026-02-10,ethereum PT-reUSDe-25JUN2026,Pendle_LP,15.701465539306922
2026-02-10,ethereum PT-reUSDe-25JUN2026,Pendle_PT,20.00000129857733
2026-02-10,ethereum PT-sNUSD-5MAR2026,Pendle_PT,18.00000235463446
2026-02-10,ethereum PT-ynRWAx-15OCT2026,Pendle_LP,18.787028772515395
2026-02-10,mainnet USDC/cbBTC,Uniswap_MM,16.796249347612196
2026-02-11,arbitrum PT-thBILL-18JUN2026,Pendle_LP,15.606899317449848
2026-02-11,arbitrum WBTC/USDC,Uniswap_MM,23.14732676798367
2026-02-11,arbitrum WBTC/USDT,Uniswap_MM,91.84482331711592
2026-02-11,ethereum PT-reUSDe-25JUN2026,Pendle_LP,15.61565667375257
2026-02-11,ethereum PT-reUSDe-25JUN2026,Pendle_PT,20.00000129857733
2026-02-11,ethereum PT-sNUSD-5MAR2026,Pendle_PT,18.00000235463446
2026-02-11,ethereum PT-ynRWAx-15OCT2026,Pendle_LP,19.195456951470085
2026-02-11,mainnet USDC/cbBTC,Uniswap_MM,30.94135197277033
2026-02-11,mainnet WBTC/USDC,Uniswap_MM,22.267406061662832
2026-02-12,arbitrum WBTC/USDC,Uniswap_MM,16.90046001754179
2026-02-12,arbitrum WBTC/USDT,Uniswap_MM,55.46872236920197
2026-02-12,ethereum PT-jrNUSD-28MAY2026,Pendle_LP,24.95902885484671
2026-02-12,ethereum PT-reUSDe-25JUN2026,Pendle_LP,14.229520650564544
2026-02-12,ethereum PT-reUSDe-25JUN2026,Pendle_PT,20.00000129857733
2026-02-12,ethereum PT-sNUSD-5MAR2026,Pendle_PT,18.00000235463446
2026-02-12,ethereum PT-ynRWAx-15OCT2026,Pendle_LP,19.018190336309495
2026-02-12,mainnet USDC/cbBTC,Uniswap_MM,16.40908474611629
2026-02-13,arbitrum PT-sUSDai-15OCT2026,Pendle_LP,639.0212022640839
2026-02-13,arbitrum WBTC/USDT,Uniswap_MM,55.68970819370029
2026-02-13,ethereum PT-jrNUSD-28MAY2026,Pendle_LP,20.45912270802045
2026-02-13,ethereum PT-reUSDe-25JUN2026,Pendle_LP,15.557486890798442
2026-02-13,ethereum PT-reUSDe-25JUN2026,Pendle_PT,20.00000129857733
2026-02-13,ethereum PT-sNUSD-5MAR2026,Pendle_PT,18.00000235463446
2026-02-13,ethereum PT-ynRWAx-15OCT2026,Pendle_LP,19.41342768208027
2026-02-14,arbitrum PT-sUSDai-15OCT2026,Pendle_LP,461.63455462974434
2026-02-14,arbitrum WBTC/USDT,Uniswap_MM,27.988710325932097
2026-02-14,ethereum PT-jrNUSD-28MAY2026,Pendle_LP,15.91609869226318
2026-02-14,ethereum PT-reUSDe-25JUN2026,Pendle_LP,15.79474417505517
2026-02-14,ethereum PT-reUSDe-25JUN2026,Pendle_PT,20.00000129857733
2026-02-14,ethereum PT-sNUSD-5MAR2026,Pendle_PT,18.00000235463446
2026-02-14,ethereum PT-ynRWAx-15OCT2026,Pendle_LP,21.534649684239785
2026-02-15,arbitrum PT-USDai-18JUN2026,Pendle_LP,96.48954816546092
2026-02-15,arbitrum PT-sUSDai-15OCT2026,Pendle_LP,442.841445024909
2026-02-15,arbitrum WBTC/USDT,Uniswap_MM,49.267206061499024
2026-02-15,ethereum PT-jrNUSD-28MAY2026,Pendle_LP,15.515824542552132
2026-02-15,ethereum PT-reUSDe-25JUN2026,Pendle_LP,15.648713533663816
2026-02-15,ethereum PT-reUSDe-25JUN2026,Pendle_PT,20.00000129857733
2026-02-15,ethereum PT-sNUSD-5MAR2026,Pendle_PT,18.00000235463446
2026-02-15,ethereum PT-ynRWAx-15OCT2026,Pendle_LP,21.194902588674942
2026-02-16,arbitrum PT-USDai-18JUN2026,Pendle_LP,95.34172735065528
2026-02-16,arbitrum PT-sUSDai-15OCT2026,Pendle_LP,336.2299573231524
2026-02-16,arbitrum WBTC/USDT,Uniswap_MM,50.510819397234656
2026-02-16,ethereum PT-jrNUSD-28MAY2026,Pendle_LP,15.340375573161952
2026-02-16,ethereum PT-reUSDe-25JUN2026,Pendle_LP,15.456565113318463
2026-02-16,ethereum PT-reUSDe-25JUN2026,Pendle_PT,20.00000129857733
2026-02-16,ethereum PT-sNUSD-5MAR2026,Pendle_PT,18.00000235463446
2026-02-16,ethereum PT-ynRWAx-15OCT2026,Pendle_LP,20.557036263998043
2026-02-16,mainnet USDC/cbBTC,Uniswap_MM,14.251493293885217
2026-02-16,mainnet WBTC/USDC,Uniswap_MM,33.243975138481666
2026-02-17,arbitrum PT-USDai-18JUN2026,Pendle_LP,45.47270109963758
2026-02-17,arbitrum PT-sUSDai-15OCT2026,Pendle_LP,106.09354532204767
2026-02-17,arbitrum WBTC/USDC,Uniswap_MM,14.022695565146677
2026-02-17,arbitrum WBTC/USDT,Uniswap_MM,55.937354755886794
2026-02-17,ethereum PT-jrNUSD-28MAY2026,Pendle_LP,14.65332930791302
2026-02-17,ethereum PT-reUSDe-25JUN2026,Pendle_LP,15.38140837192895
2026-02-17,ethereum PT-reUSDe-25JUN2026,Pendle_PT,20.00000129857733
2026-02-17,ethereum PT-sNUSD-5MAR2026,Pendle_PT,18.00000235463446
2026-02-17,ethereum PT-ynRWAx-15OCT2026,Pendle_LP,21.594860158772853
2026-02-18,arbitrum PT-USDai-18JUN2026,Pendle_LP,44.38011887471771
2026-02-18,arbitrum PT-sUSDai-15OCT2026,Pendle_LP,100.8740603059371
2026-02-18,arbitrum WBTC/USDT,Uniswap_MM,43.370224277293914
2026-02-18,ethereum PT-reUSDe-25JUN2026,Pendle_LP,15.342933747949555
2026-02-18,ethereum PT-reUSDe-25JUN2026,Pendle_PT,20.00000129857733
2026-02-18,ethereum PT-sNUSD-5MAR2026,Pendle_PT,18.00000235463446
2026-02-18,ethereum PT-ynRWAx-15OCT2026,Pendle_LP,25.100508187261227
2026-02-19,arbitrum PT-USDai-18JUN2026,Pendle_LP,23.53255542600847
2026-02-19,arbitrum PT-sUSDai-15OCT2026,Pendle_LP,24.45684190454309
2026-02-19,arbitrum WBTC/USDT,Uniswap_MM,37.58310940874529
2026-02-19,ethereum PT-reUSDe-25JUN2026,Pendle_LP,16.477387155436187
2026-02-19,ethereum PT-reUSDe-25JUN2026,Pendle_PT,20.00000129857733
2026-02-19,ethereum PT-sNUSD-5MAR2026,Pendle_PT,18.00000235463446
2026-02-19,ethereum PT-ynRWAx-15OCT2026,Pendle_LP,21.127558290801783
2026-02-20,arbitrum PT-sUSDai-15OCT2026,Pendle_LP,19.75661703501135
2026-02-20,arbitrum WBTC/USDC,Uniswap_MM,14.268467472438685
2026-02-20,arbitrum WBTC/USDT,Uniswap_MM,53.18116101137921
2026-02-20,ethereum PT-reUSDe-25JUN2026,Pendle_LP,15.105759885922474
2026-02-20,ethereum PT-reUSDe-25JUN2026,Pendle_PT,20.00000129857733
2026-02-20,ethereum PT-sNUSD-5MAR2026,Pendle_PT,18.00000235463446
2026-02-20,ethereum PT-ynRWAx-15OCT2026,Pendle_LP,17.825266402294126
2026-02-20,mainnet USDC/cbBTC,Uniswap_MM,15.23727556258108
2026-02-20,mainnet WBTC/USDC,Uniswap_MM,20.16368015214443
2026-02-21,arbitrum PT-sUSDai-15OCT2026,Pendle_LP,15.582667325640507
2026-02-21,ethereum PT-reUSDe-25JUN2026,Pendle_LP,15.10076116544527
2026-02-21,ethereum PT-reUSDe-25JUN2026,Pendle_PT,20.00000129857733
2026-02-21,ethereum PT-sNUSD-5MAR2026,Pendle_PT,18.00000235463446
2026-02-21,ethereum PT-ynRWAx-15OCT2026,Pendle_LP,16.554139108471077
2026-02-22,ethereum PT-reUSDe-25JUN2026,Pendle_LP,15.062056007715451
2026-02-22,ethereum PT-reUSDe-25JUN2026,Pendle_PT,20.00000129857733
2026-02-22,ethereum PT-sNUSD-5MAR2026,Pendle_PT,18.00000235463446
2026-02-22,ethereum PT-ynRWAx-15OCT2026,Pendle_LP,15.512088063480412
2026-02-23,arbitrum WBTC/USDC,Uniswap_MM,15.265909296835604
2026-02-23,arbitrum WBTC/USDT,Uniswap_MM,23.00029143088444
2026-02-23,ethereum PT-reUSDe-25JUN2026,Pendle_LP,15.038535789876248
2026-02-23,ethereum PT-reUSDe-25JUN2026,Pendle_PT,20.00000129857733
2026-02-23,ethereum PT-sNUSD-5MAR2026,Pendle_PT,18.00000235463446
2026-02-23,ethereum PT-ynRWAx-15OCT2026,Pendle_LP,16.029626400940188
2026-02-23,mainnet USDC/cbBTC,Uniswap_MM,42.73792094485234
2026-02-23,mainnet WBTC/USDC,Uniswap_MM,18.345096939745083
2026-02-24,arbitrum WBTC/USDC,Uniswap_MM,14.996731377237085
2026-02-24,ethereum PT-reUSDe-25JUN2026,Pendle_LP,15.0682886024173
2026-02-24,ethereum PT-reUSDe-25JUN2026,Pendle_PT,20.00000129857733
2026-02-24,ethereum PT-sNUSD-5MAR2026,Pendle_PT,18.00000235463446
2026-02-24,ethereum PT-ynRWAx-15OCT2026,Pendle_LP,14.942270582939743
2026-02-24,mainnet USDC/cbBTC,Uniswap_MM,44.32737058476592
2026-02-25,arbitrum ETH/USDT,Uniswap_MM,15.927999890300924
2026-02-25,arbitrum WBTC/USDC,Uniswap_MM,31.135950576547515
2026-02-25,arbitrum WBTC/USDT,Uniswap_MM,20.558689815207487
2026-02-25,ethereum PT-reUSDe-25JUN2026,Pendle_LP,15.253877626375292
2026-02-25,ethereum PT-reUSDe-25JUN2026,Pendle_PT,20.00000129857733
2026-02-25,ethereum PT-sNUSD-5MAR2026,Pendle_PT,18.00000235463446
2026-02-25,ethereum PT-ynRWAx-15OCT2026,Pendle_LP,14.667821556440778
2026-02-25,mainnet USDC/cbBTC,Uniswap_MM,26.987311512112775
2026-02-25,mainnet WBTC/USDC,Uniswap_MM,65.18165020387005
2026-02-26,arbitrum WBTC/USDC,Uniswap_MM,23.012402610638972
2026-02-26,arbitrum WBTC/USDT,Uniswap_MM,14.725545776564994
2026-02-26,ethereum PT-reUSDe-25JUN2026,Pendle_LP,15.206755731396235
2026-02-26,ethereum PT-reUSDe-25JUN2026,Pendle_PT,20.00000129857733
2026-02-26,ethereum PT-sNUSD-5MAR2026,Pendle_PT,18.00000235463446
2026-02-26,mainnet WBTC/USDC,Uniswap_MM,45.33815303696384
2026-02-27,arbitrum WBTC/USDC,Uniswap_MM,21.011924187666445
2026-02-27,ethereum PT-reUSDe-25JUN2026,Pendle_LP,15.107909195222955
2026-02-27,ethereum PT-reUSDe-25JUN2026,Pendle_PT,20.00000129857733
2026-02-27,ethereum PT-sNUSD-5MAR2026,Pendle_PT,18.00000235463446
2026-02-27,mainnet USDC/cbBTC,Uniswap_MM,15.226949392812442
2026-02-27,mainnet WBTC/USDC,Uniswap_MM,31.96889108641503
2026-02-28,arbitrum ETH/USDC,Uniswap_MM,21.698689245721784
2026-02-28,arbitrum WBTC/USDC,Uniswap_MM,25.863099180413695
2026-02-28,arbitrum WBTC/USDT,Uniswap_MM,15.714040527432871
2026-02-28,ethereum PT-jrNUSD-28MAY2026,Pendle_LP,14.150157995257675
2026-02-28,ethereum PT-reUSDe-25JUN2026,Pendle_LP,15.163165429391562
2026-02-28,ethereum PT-reUSDe-25JUN2026,Pendle_PT,20.00000129857733
2026-02-28,ethereum PT-sNUSD-5MAR2026,Pendle_PT,18.00000235463446
2026-02-28,mainnet ETH/USDC,Uniswap_MM,15.056590230630142
2026-02-28,mainnet USDC/cbBTC,Uniswap_MM,35.648190367082655
2026-02-28,mainnet WBTC/USDC,Uniswap_MM,34.2370234939219
2026-03-01,arbitrum ETH/USDC,Uniswap_MM,25.643903387707574
2026-03-01,arbitrum ETH/USDT,Uniswap_MM,16.460409110759137
2026-03-01,arbitrum WBTC/USDC,Uniswap_MM,29.847092599090036
2026-03-01,arbitrum WBTC/USDT,Uniswap_MM,19.31211343682038
2026-03-01,ethereum PT-apyUSD-18JUN2026,Pendle_LP,939.2562495142906
2026-03-01,ethereum PT-apyUSD-18JUN2026,Pendle_PT,18.000002092986556
2026-03-01,ethereum PT-reUSDe-25JUN2026,Pendle_LP,15.095227027674676
2026-03-01,ethereum PT-reUSDe-25JUN2026,Pendle_PT,20.00000129857733
2026-03-01,ethereum PT-sNUSD-5MAR2026,Pendle_PT,18.00000235463446
2026-03-01,mainnet ETH/USDC,Uniswap_MM,42.17725177270085
2026-03-01,mainnet USDC/cbBTC,Uniswap_MM,15.542222454535784
2026-03-01,mainnet WBTC/USDC,Uniswap_MM,38.608299113489565
2026-03-02,arbitrum ETH/USDC,Uniswap_MM,27.15989346742046
2026-03-02,arbitrum ETH/USDT,Uniswap_MM,17.324093900068046
2026-03-02,arbitrum WBTC/USDC,Uniswap_MM,35.41719530567593
2026-03-02,arbitrum WBTC/USDT,Uniswap_MM,21.426599916559027
2026-03-02,ethereum PT-apyUSD-18JUN2026,Pendle_LP,145.2314223739284
2026-03-02,ethereum PT-apyUSD-18JUN2026,Pendle_PT,18.000002092986556
2026-03-02,ethereum PT-reUSDe-25JUN2026,Pendle_LP,15.20870319155568
2026-03-02,ethereum PT-reUSDe-25JUN2026,Pendle_PT,20.00000129857733
2026-03-02,ethereum PT-sNUSD-5MAR2026,Pendle_PT,18.00000235463446
2026-03-02,mainnet ETH/USDC,Uniswap_MM,38.34125408237401
2026-03-02,mainnet USDC/cbBTC,Uniswap_MM,27.850128148446863
2026-03-02,mainnet WBTC/USDC,Uniswap_MM,96.30568258190114
2026-03-03,arbitrum ETH/USDC,Uniswap_MM,23.458943181327815
2026-03-03,arbitrum ETH/USDT,Uniswap_MM,16.553649709267972
2026-03-03,arbitrum PT-sUSDai-15OCT2026,Pendle_LP,14.471688467131203
2026-03-03,arbitrum WBTC/USDC,Uniswap_MM,37.41111767573245
2026-03-03,arbitrum WBTC/USDT,Uniswap_MM,22.650798931517013
2026-03-03,ethereum PT-apyUSD-18JUN2026,Pendle_LP,125.72948029946728
2026-03-03,ethereum PT-apyUSD-18JUN2026,Pendle_PT,18.000002092986556
2026-03-03,ethereum PT-reUSDe-25JUN2026,Pendle_LP,15.091059511706089
2026-03-03,ethereum PT-reUSDe-25JUN2026,Pendle_PT,20.00000129857733
2026-03-03,ethereum PT-sNUSD-5MAR2026,Pendle_PT,18.00000235463446
2026-03-03,mainnet ETH/USDC,Uniswap_MM,22.834367406759466
2026-03-03,mainnet USDC/cbBTC,Uniswap_MM,25.2643531034709
2026-03-03,mainnet WBTC/USDC,Uniswap_MM,86.91102425086827
2026-03-04,arbitrum ETH/USDC,Uniswap_MM,30.23061828695778
2026-03-04,arbitrum ETH/USDT,Uniswap_MM,18.653037518935832
2026-03-04,arbitrum PT-sUSDai-15OCT2026,Pendle_LP,14.832815031816054
2026-03-04,arbitrum WBTC/USDC,Uniswap_MM,34.050936704467574
2026-03-04,arbitrum WBTC/USDT,Uniswap_MM,31.040319615448404
2026-03-04,ethereum PT-apyUSD-18JUN2026,Pendle_LP,116.23258686650284
2026-03-04,ethereum PT-apyUSD-18JUN2026,Pendle_PT,18.000002092986556
2026-03-04,ethereum PT-reUSDe-25JUN2026,Pendle_LP,15.047806055160509
2026-03-04,ethereum PT-reUSDe-25JUN2026,Pendle_PT,20.00000129857733
2026-03-04,ethereum PT-sNUSD-5MAR2026,Pendle_PT,18.00000235463446
2026-03-04,mainnet ETH/USDC,Uniswap_MM,33.28012656708895
2026-03-04,mainnet USDC/cbBTC,Uniswap_MM,65.3478095275392
2026-03-04,mainnet WBTC/USDC,Uniswap_MM,73.4858753517296
2026-03-05,arbitrum ETH/USDC,Uniswap_MM,27.4160554302627
2026-03-05,arbitrum PT-sUSDai-15OCT2026,Pendle_LP,14.183528017886951
2026-03-05,arbitrum WBTC/USDC,Uniswap_MM,26.316230060216267
2026-03-05,arbitrum WBTC/USDT,Uniswap_MM,24.807636654905775
2026-03-05,ethereum PT-apyUSD-18JUN2026,Pendle_LP,61.513588349350165
2026-03-05,ethereum PT-apyUSD-18JUN2026,Pendle_PT,18.000002092986556
2026-03-05,ethereum PT-reUSDe-25JUN2026,Pendle_LP,15.014620034581313
2026-03-05,ethereum PT-reUSDe-25JUN2026,Pendle_PT,20.00000129857733
2026-03-05,ethereum PT-sNUSD-5MAR2026,Pendle_PT,18.00000235463446
2026-03-05,ethereum PT-ynRWAx-15OCT2026,Pendle_LP,36.68166446077612
2026-03-05,mainnet ETH/USDC,Uniswap_MM,22.081648247018677
2026-03-05,mainnet USDC/cbBTC,Uniswap_MM,36.9760476345869
2026-03-05,mainnet WBTC/USDC,Uniswap_MM,20.282588716211137
2026-03-06,arbitrum ETH/USDC,Uniswap_MM,16.624063490944017
2026-03-06,arbitrum WBTC/USDC,Uniswap_MM,27.10194225384141
2026-03-06,arbitrum WBTC/USDT,Uniswap_MM,18.838004517930244
2026-03-06,ethereum PT-apyUSD-18JUN2026,Pendle_LP,46.27893927449994
2026-03-06,ethereum PT-apyUSD-18JUN2026,Pendle_PT,18.000002092986556
2026-03-06,ethereum PT-reUSDe-25JUN2026,Pendle_LP,14.928574381933474
2026-03-06,ethereum PT-reUSDe-25JUN2026,Pendle_PT,20.00000129857733
2026-03-06,ethereum PT-ynRWAx-15OCT2026,Pendle_LP,36.512542847732064
2026-03-06,mainnet ETH/USDC,Uniswap_MM,15.145752766085602
2026-03-06,mainnet USDC/cbBTC,Uniswap_MM,17.607249860220012
2026-03-06,mainnet WBTC/USDC,Uniswap_MM,49.865350979616494
2026-03-07,ethereum PT-apyUSD-18JUN2026,Pendle_LP,31.06702604848887
2026-03-07,ethereum PT-apyUSD-18JUN2026,Pendle_PT,18.000002092986556
2026-03-07,ethereum PT-reUSDe-25JUN2026,Pendle_LP,14.864890408261926
2026-03-07,ethereum PT-reUSDe-25JUN2026,Pendle_PT,20.00000129857733
2026-03-07,ethereum PT-ynRWAx-15OCT2026,Pendle_LP,36.26628933837745
2026-03-08,arbitrum WBTC/USDC,Uniswap_MM,20.41159465741113
2026-03-08,ethereum PT-apyUSD-18JUN2026,Pendle_LP,26.02744010032835
2026-03-08,ethereum PT-apyUSD-18JUN2026,Pendle_PT,18.000002092986556
2026-03-08,ethereum PT-reUSDe-25JUN2026,Pendle_LP,14.806550377604491
2026-03-08,ethereum PT-reUSDe-25JUN2026,Pendle_PT,20.00000129857733
2026-03-08,ethereum PT-ynRWAx-15OCT2026,Pendle_LP,36.2118545092751
2026-03-08,mainnet WBTC/USDC,Uniswap_MM,31.595820632761335
2026-03-09,arbitrum ETH/USDC,Uniswap_MM,19.56224187614973
2026-03-09,arbitrum ETH/USDT,Uniswap_MM,15.417591402337685
2026-03-09,arbitrum WBTC/USDC,Uniswap_MM,34.922513416405764
2026-03-09,arbitrum WBTC/USDT,Uniswap_MM,18.379391405710805
2026-03-09,ethereum PT-apyUSD-18JUN2026,Pendle_LP,21.280634243152253
2026-03-09,ethereum PT-apyUSD-18JUN2026,Pendle_PT,18.000002092986556
2026-03-09,ethereum PT-reUSDe-25JUN2026,Pendle_LP,14.841067323191949
2026-03-09,ethereum PT-reUSDe-25JUN2026,Pendle_PT,20.00000129857733
2026-03-09,ethereum PT-ynRWAx-15OCT2026,Pendle_LP,36.22286093621607
2026-03-09,mainnet ETH/USDC,Uniswap_MM,24.47870948161234
2026-03-09,mainnet USDC/cbBTC,Uniswap_MM,17.248843716589768
2026-03-09,mainnet WBTC/USDC,Uniswap_MM,67.58092292213841
2026-03-10,arbitrum ETH/USDC,Uniswap_MM,17.28861568903334
2026-03-10,arbitrum WBTC/USDC,Uniswap_MM,34.5872667845659
2026-03-10,arbitrum WBTC/USDT,Uniswap_MM,23.460686492052567
2026-03-10,ethereum PT-apyUSD-18JUN2026,Pendle_LP,20.500783846092453
2026-03-10,ethereum PT-apyUSD-18JUN2026,Pendle_PT,18.000002092986556
2026-03-10,ethereum PT-reUSDe-25JUN2026,Pendle_LP,14.946867628351429
2026-03-10,ethereum PT-reUSDe-25JUN2026,Pendle_PT,20.00000129857733
2026-03-10,ethereum PT-ynRWAx-15OCT2026,Pendle_LP,36.72404849159628
2026-03-10,mainnet ETH/USDC,Uniswap_MM,18.005171489639206
2026-03-10,mainnet USDC/cbBTC,Uniswap_MM,43.17536353024001
2026-03-10,mainnet WBTC/USDC,Uniswap_MM,69.91137144105546
2026-03-11,arbitrum ETH/USDT,Uniswap_MM,14.015397713985948
2026-03-11,arbitrum WBTC/USDC,Uniswap_MM,27.40401129707083
2026-03-11,arbitrum WBTC/USDT,Uniswap_MM,18.53142425125199
2026-03-11,ethereum PT-apyUSD-18JUN2026,Pendle_LP,18.381917518533424
2026-03-11,ethereum PT-apyUSD-18JUN2026,Pendle_PT,18.000002092986556
2026-03-11,ethereum PT-reUSDe-25JUN2026,Pendle_LP,15.038746471484512
2026-03-11,ethereum PT-reUSDe-25JUN2026,Pendle_PT,20.00000129857733
2026-03-11,ethereum PT-ynRWAx-15OCT2026,Pendle_LP,36.18948582072131
2026-03-11,mainnet ETH/USDC,Uniswap_MM,17.0880816267929
2026-03-11,mainnet USDC/cbBTC,Uniswap_MM,32.13521139929453
2026-03-11,mainnet WBTC/USDC,Uniswap_MM,52.9323447817683
2026-03-12,arbitrum WBTC/USDC,Uniswap_MM,26.96086416159067
2026-03-12,arbitrum WBTC/USDT,Uniswap_MM,17.1769894605873
2026-03-12,ethereum PT-apyUSD-18JUN2026,Pendle_LP,17.432119027590776
2026-03-12,ethereum PT-apyUSD-18JUN2026,Pendle_PT,18.000002092986556
2026-03-12,ethereum PT-reUSDe-25JUN2026,Pendle_LP,15.031839849866996
2026-03-12,ethereum PT-reUSDe-25JUN2026,Pendle_PT,20.00000129857733
2026-03-12,ethereum PT-ynRWAx-15OCT2026,Pendle_LP,40.06380584515188
2026-03-12,mainnet ETH/USDC,Uniswap_MM,25.600796273363972
2026-03-12,mainnet USDC/cbBTC,Uniswap_MM,37.45793345959568
2026-03-12,mainnet WBTC/USDC,Uniswap_MM,77.16193383376257
2026-03-12,mainnet WBTC/USDT,Uniswap_MM,15.50709775962943
2026-03-13,arbitrum ETH/USDC,Uniswap_MM,21.198032662809094
2026-03-13,arbitrum ETH/USDT,Uniswap_MM,14.069367901986205
2026-03-13,arbitrum WBTC/USDC,Uniswap_MM,34.531774165777854
2026-03-13,arbitrum WBTC/USDT,Uniswap_MM,26.085114390026902
2026-03-13,ethereum PT-apyUSD-18JUN2026,Pendle_LP,17.081898278499025
2026-03-13,ethereum PT-apyUSD-18JUN2026,Pendle_PT,18.000002092986556
2026-03-13,ethereum PT-reUSDe-25JUN2026,Pendle_LP,15.117161874485404
2026-03-13,ethereum PT-reUSDe-25JUN2026,Pendle_PT,20.00000129857733
2026-03-13,ethereum PT-ynRWAx-15OCT2026,Pendle_LP,39.747905489345435
2026-03-13,mainnet ETH/USDC,Uniswap_MM,25.254720408903346
2026-03-13,mainnet USDC/cbBTC,Uniswap_MM,39.27100850533024
2026-03-13,mainnet WBTC/USDC,Uniswap_MM,31.508749893536752
2026-03-14,ethereum PT-apyUSD-18JUN2026,Pendle_LP,16.578339130589264
2026-03-14,ethereum PT-apyUSD-18JUN2026,Pendle_PT,18.000002092986556
2026-03-14,ethereum PT-reUSDe-25JUN2026,Pendle_LP,15.055541563541222
2026-03-14,ethereum PT-reUSDe-25JUN2026,Pendle_PT,20.00000129857733
2026-03-14,ethereum PT-ynRWAx-15OCT2026,Pendle_LP,35.79073240569451
2026-03-15,arbitrum WBTC/USDC,Uniswap_MM,15.282622426503488
2026-03-15,ethereum PT-apyUSD-18JUN2026,Pendle_LP,16.294476867457313
2026-03-15,ethereum PT-apyUSD-18JUN2026,Pendle_PT,18.000002092986556
2026-03-15,ethereum PT-reUSDe-25JUN2026,Pendle_LP,15.076940701824157
2026-03-15,ethereum PT-reUSDe-25JUN2026,Pendle_PT,20.00000129857733
2026-03-15,ethereum PT-ynRWAx-15OCT2026,Pendle_LP,35.95451072653019
2026-03-16,arbitrum ETH/USDC,Uniswap_MM,25.798275898153555
2026-03-16,arbitrum WBTC/USDC,Uniswap_MM,37.04706059662857
2026-03-16,arbitrum WBTC/USDT,Uniswap_MM,24.64295504881616
2026-03-16,ethereum PT-apyUSD-18JUN2026,Pendle_LP,16.85388535279795
2026-03-16,ethereum PT-apyUSD-18JUN2026,Pendle_PT,18.000002092986556
2026-03-16,ethereum PT-reUSDe-25JUN2026,Pendle_LP,15.50768401979352
2026-03-16,ethereum PT-reUSDe-25JUN2026,Pendle_PT,20.00000129857733
2026-03-16,ethereum PT-ynRWAx-15OCT2026,Pendle_LP,36.68556307178966
2026-03-16,mainnet ETH/USDC,Uniswap_MM,28.688304550137605
2026-03-16,mainnet USDC/cbBTC,Uniswap_MM,42.431776359878945
2026-03-16,mainnet WBTC/USDC,Uniswap_MM,35.89687930576997
2026-03-17,arbitrum ETH/USDC,Uniswap_MM,27.83595336614902
2026-03-17,arbitrum WBTC/USDC,Uniswap_MM,29.582548760078435
2026-03-17,arbitrum WBTC/USDT,Uniswap_MM,20.10727266100399
2026-03-17,ethereum PT-apyUSD-18JUN2026,Pendle_LP,16.62997263717973
2026-03-17,ethereum PT-apyUSD-18JUN2026,Pendle_PT,18.000002092986556
2026-03-17,ethereum PT-reUSDe-25JUN2026,Pendle_LP,15.390515664919937
2026-03-17,ethereum PT-reUSDe-25JUN2026,Pendle_PT,20.00000129857733
2026-03-17,ethereum PT-ynRWAx-15OCT2026,Pendle_LP,36.430425699626454
2026-03-17,mainnet ETH/USDC,Uniswap_MM,17.876611900260738
2026-03-17,mainnet USDC/cbBTC,Uniswap_MM,31.08706219069754
2026-03-17,mainnet WBTC/USDC,Uniswap_MM,20.040094336070943
2026-03-18,arbitrum ETH/USDC,Uniswap_MM,21.804535744259685
2026-03-18,arbitrum WBTC/USDC,Uniswap_MM,22.7991019232172
2026-03-18,arbitrum WBTC/USDT,Uniswap_MM,20.56380080469751
2026-03-18,ethereum PT-apyUSD-18JUN2026,Pendle_LP,15.53980558108132
2026-03-18,ethereum PT-apyUSD-18JUN2026,Pendle_PT,18.000002092986556
2026-03-18,ethereum PT-reUSDe-25JUN2026,Pendle_LP,15.624330974046888
2026-03-18,ethereum PT-reUSDe-25JUN2026,Pendle_PT,20.00000129857733
2026-03-18,ethereum PT-ynRWAx-15OCT2026,Pendle_LP,37.69140124519065
2026-03-18,mainnet ETH/USDC,Uniswap_MM,21.20997695406863
2026-03-18,mainnet USDC/cbBTC,Uniswap_MM,30.261234044122546
2026-03-18,mainnet WBTC/USDC,Uniswap_MM,38.528959966826
2026-03-19,arbitrum ETH/USDC,Uniswap_MM,20.090685150445843
2026-03-19,arbitrum WBTC/USDC,Uniswap_MM,23.15192900747605
2026-03-19,arbitrum WBTC/USDT,Uniswap_MM,22.26338728611263
2026-03-19,ethereum PT-apyUSD-18JUN2026,Pendle_LP,15.2998148208232
2026-03-19,ethereum PT-apyUSD-18JUN2026,Pendle_PT,18.000002092986556
2026-03-19,ethereum PT-reUSDe-25JUN2026,Pendle_LP,15.691096936322737
2026-03-19,ethereum PT-reUSDe-25JUN2026,Pendle_PT,20.00000129857733
2026-03-19,ethereum PT-ynRWAx-15OCT2026,Pendle_LP,48.44022841531888
2026-03-19,mainnet ETH/USDC,Uniswap_MM,20.68574875795003
2026-03-19,mainnet USDC/cbBTC,Uniswap_MM,20.088774803500943
2026-03-19,mainnet WBTC/USDC,Uniswap_MM,53.8020676554652
2026-03-19,mainnet WBTC/USDT,Uniswap_MM,17.01428311214186
2026-03-20,arbitrum WBTC/USDC,Uniswap_MM,20.69207403755303
2026-03-20,arbitrum WBTC/USDT,Uniswap_MM,20.698399362155424
2026-03-20,ethereum PT-apyUSD-18JUN2026,Pendle_LP,17.438621381412283
2026-03-20,ethereum PT-apyUSD-18JUN2026,Pendle_PT,18.000002092986556
2026-03-20,ethereum PT-reUSDe-25JUN2026,Pendle_LP,15.818128776310983
2026-03-20,ethereum PT-reUSDe-25JUN2026,Pendle_PT,20.00000129857733
2026-03-20,ethereum PT-ynRWAx-15OCT2026,Pendle_LP,46.171570761273045
2026-03-20,mainnet ETH/USDC,Uniswap_MM,16.706611829082537
2026-03-20,mainnet USDC/cbBTC,Uniswap_MM,18.485181742017833
2026-03-20,mainnet WBTC/USDC,Uniswap_MM,23.57405396328508
2026-03-21,ethereum PT-apyUSD-18JUN2026,Pendle_LP,17.384661087807785
2026-03-21,ethereum PT-apyUSD-18JUN2026,Pendle_PT,18.000002092986556
2026-03-21,ethereum PT-reUSDe-25JUN2026,Pendle_LP,15.734135316206643
2026-03-21,ethereum PT-reUSDe-25JUN2026,Pendle_PT,20.00000129857733
2026-03-21,ethereum PT-ynRWAx-15OCT2026,Pendle_LP,45.052156266445195
2026-03-22,arbitrum WBTC/USDC,Uniswap_MM,16.109230643876884
2026-03-22,arbitrum WBTC/USDT,Uniswap_MM,14.2916944441148
2026-03-22,ethereum PT-apyUSD-18JUN2026,Pendle_LP,17.322125668354424
2026-03-22,ethereum PT-apyUSD-18JUN2026,Pendle_PT,18.000002092986556
2026-03-22,ethereum PT-reUSDe-25JUN2026,Pendle_LP,15.837079407598104
2026-03-22,ethereum PT-reUSDe-25JUN2026,Pendle_PT,20.00000129857733
2026-03-22,ethereum PT-ynRWAx-15OCT2026,Pendle_LP,43.70880819888755
2026-03-23,arbitrum ETH/USDC,Uniswap_MM,24.851738038674437
2026-03-23,arbitrum WBTC/USDC,Uniswap_MM,36.52552843392501
2026-03-23,arbitrum WBTC/USDT,Uniswap_MM,36.91416385415261
2026-03-23,ethereum PT-apyUSD-18JUN2026,Pendle_LP,17.262788565861833
2026-03-23,ethereum PT-apyUSD-18JUN2026,Pendle_PT,18.000002092986556
2026-03-23,ethereum PT-reUSDe-25JUN2026,Pendle_LP,16.174964531853895
2026-03-23,ethereum PT-reUSDe-25JUN2026,Pendle_PT,20.00000129857733
2026-03-23,ethereum PT-ynRWAx-15OCT2026,Pendle_LP,44.44866486059438
2026-03-23,mainnet ETH/USDC,Uniswap_MM,36.938278574357625
2026-03-23,mainnet USDC/cbBTC,Uniswap_MM,38.017558564477895
2026-03-23,mainnet WBTC/USDC,Uniswap_MM,44.57870661598139
2026-03-23,mainnet WBTC/USDT,Uniswap_MM,26.0591470944676
2026-03-24,arbitrum WBTC/USDC,Uniswap_MM,19.03010275597682
2026-03-24,arbitrum WBTC/USDT,Uniswap_MM,21.461715166507076
2026-03-24,ethereum PT-apyUSD-18JUN2026,Pendle_LP,16.894244266737495
2026-03-24,ethereum PT-apyUSD-18JUN2026,Pendle_PT,18.000002092986556
2026-03-24,ethereum PT-reUSDe-25JUN2026,Pendle_LP,16.15392653870163
2026-03-24,ethereum PT-reUSDe-25JUN2026,Pendle_PT,20.00000129857733
2026-03-24,ethereum PT-ynRWAx-15OCT2026,Pendle_LP,44.18206679951723
2026-03-24,mainnet ETH/USDC,Uniswap_MM,14.654020841138168
2026-03-24,mainnet USDC/cbBTC,Uniswap_MM,16.75910353878663
2026-03-24,mainnet WBTC/USDC,Uniswap_MM,19.80105843537015
2026-03-25,arbitrum WBTC/USDC,Uniswap_MM,14.947887351646482
2026-03-25,arbitrum WBTC/USDT,Uniswap_MM,19.25011735933743
2026-03-25,ethereum PT-apyUSD-18JUN2026,Pendle_LP,17.06781730819334
2026-03-25,ethereum PT-apyUSD-18JUN2026,Pendle_PT,18.000002092986556
2026-03-25,ethereum PT-reUSDe-25JUN2026,Pendle_LP,16.82761634832358
2026-03-25,ethereum PT-reUSDe-25JUN2026,Pendle_PT,20.00000129857733
2026-03-25,ethereum PT-ynRWAx-15OCT2026,Pendle_LP,44.35696186842581
2026-03-25,mainnet USDC/cbBTC,Uniswap_MM,25.139031852138142
2026-03-25,mainnet WBTC/USDC,Uniswap_MM,20.54540164479564
2026-03-26,arbitrum WBTC/USDC,Uniswap_MM,15.488628969126014
2026-03-26,arbitrum WBTC/USDT,Uniswap_MM,15.170052665906702
2026-03-26,ethereum PT-apyUSD-18JUN2026,Pendle_LP,16.293648986754793
2026-03-26,ethereum PT-apyUSD-18JUN2026,Pendle_PT,18.000002092986556
2026-03-26,ethereum PT-reUSDe-25JUN2026,Pendle_LP,16.559294828738153
2026-03-26,ethereum PT-reUSDe-25JUN2026,Pendle_PT,20.00000129857733
2026-03-26,mainnet ETH/USDC,Uniswap_MM,17.45627134091992
2026-03-26,mainnet WBTC/USDC,Uniswap_MM,15.71965267126224
2026-03-27,arbitrum WBTC/USDC,Uniswap_MM,15.160932676055186
2026-03-27,ethereum PT-apyUSD-18JUN2026,Pendle_LP,14.89412223434862
2026-03-27,ethereum PT-apyUSD-18JUN2026,Pendle_PT,18.000002092986556
2026-03-27,ethereum PT-reUSDe-25JUN2026,Pendle_LP,16.58295993073051
2026-03-27,ethereum PT-reUSDe-25JUN2026,Pendle_PT,20.00000129857733
2026-03-27,ethereum PT-ynRWAx-15OCT2026,Pendle_LP,36.63020446354293
2026-03-27,mainnet ETH/USDC,Uniswap_MM,14.669712664425822
2026-03-27,mainnet WBTC/USDC,Uniswap_MM,16.670202125924853
2026-03-28,ethereum PT-apyUSD-18JUN2026,Pendle_LP,15.108375440753402
2026-03-28,ethereum PT-apyUSD-18JUN2026,Pendle_PT,18.000002092986556
2026-03-28,ethereum PT-reUSDe-25JUN2026,Pendle_LP,17.043865079869864
2026-03-28,ethereum PT-reUSDe-25JUN2026,Pendle_PT,20.00000129857733
2026-03-28,ethereum PT-ynRWAx-15OCT2026,Pendle_LP,36.26483217935151
2026-03-29,ethereum PT-apyUSD-18JUN2026,Pendle_LP,15.15498449621595
2026-03-29,ethereum PT-apyUSD-18JUN2026,Pendle_PT,18.000002092986556
2026-03-29,ethereum PT-reUSDe-25JUN2026,Pendle_LP,16.843262528717474
2026-03-29,ethereum PT-reUSDe-25JUN2026,Pendle_PT,20.00000129857733
2026-03-29,ethereum PT-ynRWAx-15OCT2026,Pendle_LP,32.65508127399839
2026-03-30,arbitrum ETH/USDC,Uniswap_MM,19.94876348428472
2026-03-30,arbitrum WBTC/USDC,Uniswap_MM,15.097843308163428
2026-03-30,arbitrum WBTC/USDT,Uniswap_MM,14.527932082172832
2026-03-30,ethereum PT-apyUSD-18JUN2026,Pendle_LP,14.15419224594838
2026-03-30,ethereum PT-apyUSD-18JUN2026,Pendle_PT,18.000002092986556
2026-03-30,ethereum PT-reUSDe-25JUN2026,Pendle_LP,16.48002856888377
2026-03-30,ethereum PT-reUSDe-25JUN2026,Pendle_PT,20.00000129857733
2026-03-30,ethereum PT-ynRWAx-15OCT2026,Pendle_LP,32.36628896435231
2026-03-30,mainnet ETH/USDC,Uniswap_MM,15.71731598622312
2026-03-30,mainnet WBTC/USDC,Uniswap_MM,17.95980852593667
2026-03-31,arbitrum ETH/USDC,Uniswap_MM,20.19032983347626
2026-03-31,arbitrum WBTC/USDC,Uniswap_MM,21.269333492046727
2026-03-31,arbitrum WBTC/USDT,Uniswap_MM,20.46382524512017
2026-03-31,ethereum PT-apyUSD-18JUN2026,Pendle_LP,15.917138541981265
2026-03-31,ethereum PT-apyUSD-18JUN2026,Pendle_PT,18.000002092986556
2026-03-31,ethereum PT-reUSDe-25JUN2026,Pendle_LP,15.443696638265424
2026-03-31,ethereum PT-reUSDe-25JUN2026,Pendle_PT,20.00000129857733
2026-03-31,ethereum PT-ynRWAx-15OCT2026,Pendle_LP,31.983423337438676
2026-03-31,mainnet ETH/USDC,Uniswap_MM,15.946274647376054
2026-03-31,mainnet USDC/cbBTC,Uniswap_MM,15.703263406886158
2026-03-31,mainnet WBTC/USDC,Uniswap_MM,28.072082451157275
2026-03-31,mainnet WBTC/USDT,Uniswap_MM,18.811184721702016
2026-04-01,arbitrum ETH/USDC,Uniswap_MM,21.8311722106916
2026-04-01,arbitrum WBTC/USDC,Uniswap_MM,15.106082767279284
2026-04-01,arbitrum WBTC/USDT,Uniswap_MM,14.544338436268417
2026-04-01,ethereum PT-apyUSD-18JUN2026,Pendle_LP,15.866180932562433
2026-04-01,ethereum PT-apyUSD-18JUN2026,Pendle_PT,18.000002092986556
2026-04-01,ethereum PT-reUSDe-25JUN2026,Pendle_LP,14.164755505627207
2026-04-01,ethereum PT-reUSDe-25JUN2026,Pendle_PT,20.00000129857733
2026-04-01,ethereum PT-ynRWAx-15OCT2026,Pendle_LP,32.09953914200618
2026-04-01,mainnet ETH/USDC,Uniswap_MM,15.360759262109196
2026-04-01,mainnet WBTC/USDC,Uniswap_MM,19.118465829761753
